latitude,longitude,acq_date,acq_time,confidence,frp,year,month,day,index_right,city,country,population,distance_m,distance_km,risk_level
45.45841,122.1901,2026-05-19,330,n,125.82,2026,5,19,498,Baicheng,China,1551378.0,76559.8852608788,76.5598852608788,Moderate
49.26727,135.50427,2026-05-19,330,n,52.05,2026,5,19,1187,Khabarovsk,Russia,615570.0,140726.88377027638,140.72688377027637,Low
50.31006,129.90123,2026-05-19,330,n,58.63,2026,5,19,851,Yichun,China,878881.0,454032.78866905015,454.03278866905015,Low
50.40623,130.21886,2026-05-19,330,n,79.35,2026,5,19,851,Yichun,China,878881.0,480351.5878301575,480.3515878301575,Low
50.40886,130.21147,2026-05-19,330,n,79.35,2026,5,19,851,Yichun,China,878881.0,480525.1238077699,480.5251238077699,Low
50.41008,130.21675,2026-05-19,330,h,79.35,2026,5,19,851,Yichun,China,878881.0,480914.05853683763,480.9140585368376,Low
50.42043,130.20509,2026-05-19,330,n,66.43,2026,5,19,851,Yichun,China,878881.0,482218.0667790292,482.2180667790292,Low
50.42167,130.21045,2026-05-19,330,h,66.43,2026,5,19,851,Yichun,China,878881.0,482611.8425568733,482.6118425568733,Low
50.42552,130.20831,2026-05-19,330,n,66.43,2026,5,19,851,Yichun,China,878881.0,483175.04717570305,483.17504717570307,Low
50.42674,130.21361,2026-05-19,330,n,96.27,2026,5,19,851,Yichun,China,878881.0,483563.4802528209,483.5634802528209,Low
50.42814,130.20084,2026-05-19,330,n,59.32,2026,5,19,851,Yichun,China,878881.0,483348.5000885794,483.34850008857944,Low
50.4298,130.20412,2026-05-19,330,h,76.71,2026,5,19,851,Yichun,China,878881.0,483738.4057826422,483.7384057826422,Low
50.43105,130.20938,2026-05-19,330,h,76.71,2026,5,19,851,Yichun,China,878881.0,484129.7413321449,484.1297413321449,Low
50.43199,130.19868,2026-05-19,330,n,59.32,2026,5,19,851,Yichun,China,878881.0,483912.33749852655,483.91233749852654,Low
50.43228,130.21461,2026-05-19,330,h,110.06,2026,5,19,851,Yichun,China,878881.0,484517.20188122324,484.51720188122323,Low
50.43301,130.22198,2026-05-19,330,n,125.12,2026,5,19,851,Yichun,China,878881.0,484897.7381045732,484.8977381045732,Low
50.43321,130.20396,2026-05-19,330,n,59.32,2026,5,19,851,Yichun,China,878881.0,484298.7011007584,484.2987011007584,Low
50.43352,130.21989,2026-05-19,330,h,110.06,2026,5,19,851,Yichun,China,878881.0,484908.572075819,484.908572075819,Low
50.43423,130.22728,2026-05-19,330,n,125.12,2026,5,19,851,Yichun,China,878881.0,485287.2493097679,485.2872493097679,Low
50.43443,130.20924,2026-05-19,330,n,106.44,2026,5,19,851,Yichun,China,878881.0,484685.56849052734,484.6855684905273,Low
50.43488,130.20718,2026-05-19,330,n,76.71,2026,5,19,851,Yichun,China,878881.0,484688.22742687666,484.68822742687667,Low
50.43564,130.21452,2026-05-19,330,n,106.44,2026,5,19,851,Yichun,China,878881.0,485071.27985396876,485.07127985396875,Low
50.43601,130.2305,2026-05-19,330,n,141.77,2026,5,19,851,Yichun,China,878881.0,485696.2357408731,485.6962357408731,Low
50.43612,130.21245,2026-05-19,330,n,110.06,2026,5,19,851,Yichun,China,878881.0,485078.32136959507,485.0783213695951,Low
50.43737,130.21773,2026-05-19,330,h,110.06,2026,5,19,851,Yichun,China,878881.0,485470.9227338356,485.4709227338356,Low
50.43862,130.22307,2026-05-19,330,h,141.77,2026,5,19,851,Yichun,China,878881.0,485866.1365497132,485.8661365497132,Low
50.43932,130.23051,2026-05-19,330,n,53.26,2026,5,19,851,Yichun,China,878881.0,486245.02059726155,486.24502059726154,Low
50.43987,130.22838,2026-05-19,330,h,141.77,2026,5,19,851,Yichun,China,878881.0,486260.79877804854,486.2607987780485,Low
50.44136,130.27716,2026-05-19,330,h,78.57,2026,5,19,851,Yichun,China,878881.0,488258.72231524286,488.25872231524284,Low
50.44258,130.28247,2026-05-19,330,n,78.57,2026,5,19,851,Yichun,China,878881.0,488654.00881303765,488.65400881303765,Low
50.44361,130.24432,2026-05-19,330,n,54.28,2026,5,19,851,Yichun,China,878881.0,487446.4903922658,487.4464903922658,Low
50.45609,130.27902,2026-05-19,330,n,53.91,2026,5,19,851,Yichun,China,878881.0,490760.0815632188,490.76008156321876,Low
50.45866,130.2715,2026-05-19,330,n,53.91,2026,5,19,851,Yichun,China,878881.0,490912.70879523136,490.91270879523137,Low
50.47126,130.28828,2026-05-19,330,n,51.17,2026,5,19,851,Yichun,China,878881.0,493604.0850334404,493.60408503344036,Low
50.47249,130.29358,2026-05-19,330,n,51.17,2026,5,19,851,Yichun,China,878881.0,494000.2480378414,494.0002480378414,Low
50.47756,130.29672,2026-05-19,330,n,93.53,2026,5,19,851,Yichun,China,878881.0,494952.6377245977,494.9526377245977,Low
50.49044,130.27765,2026-05-19,330,n,58.02,2026,5,19,851,Yichun,China,878881.0,496394.34241133375,496.39434241133375,Low
50.49552,130.28085,2026-05-19,330,n,58.02,2026,5,19,851,Yichun,China,878881.0,497350.62852868345,497.35062852868344,Low
50.5221,130.2836,2026-05-19,330,n,76.78,2026,5,19,851,Yichun,China,878881.0,501855.120264149,501.855120264149,Low
50.52431,130.31187,2026-05-19,330,h,85.0,2026,5,19,851,Yichun,China,878881.0,503236.8630426029,503.2368630426029,Low
50.52454,130.29413,2026-05-19,330,n,144.84,2026,5,19,851,Yichun,China,878881.0,502635.9256120853,502.6359256120853,Low
50.52693,130.3045,2026-05-19,330,n,85.0,2026,5,19,851,Yichun,China,878881.0,503404.5841729838,503.40458417298385,Low
50.52812,130.30966,2026-05-19,330,n,85.0,2026,5,19,851,Yichun,China,878881.0,503787.8721527943,503.7878721527943,Low
50.53075,130.30234,2026-05-19,330,n,85.59,2026,5,19,851,Yichun,China,878881.0,503959.90694334026,503.9599069433403,Low
50.53314,130.3127,2026-05-19,330,n,78.05,2026,5,19,851,Yichun,China,878881.0,504729.23191681836,504.7292319168184,Low
50.53456,130.30016,2026-05-19,330,n,85.59,2026,5,19,851,Yichun,China,878881.0,504513.2963772277,504.5132963772277,Low
50.53816,130.31577,2026-05-19,330,n,78.05,2026,5,19,851,Yichun,China,878881.0,505671.76677199727,505.6717667719973,Low
50.54079,130.30844,2026-05-19,330,n,96.21,2026,5,19,851,Yichun,China,878881.0,505843.3994049154,505.8433994049154,Low
50.542,130.31371,2026-05-19,330,h,96.21,2026,5,19,851,Yichun,China,878881.0,506233.675575517,506.233675575517,Low
50.54342,130.3011,2026-05-19,330,n,120.56,2026,5,19,851,Yichun,China,878881.0,506016.37573686155,506.01637573686156,Low
50.54462,130.30632,2026-05-19,330,n,96.21,2026,5,19,851,Yichun,China,878881.0,506402.3247608703,506.40232476087033,Low
50.54583,130.31161,2026-05-19,330,n,96.21,2026,5,19,851,Yichun,China,878881.0,506792.91336707654,506.79291336707655,Low
50.54845,130.30424,2026-05-19,330,n,64.56,2026,5,19,851,Yichun,China,878881.0,506963.113853544,506.963113853544,Low
50.88557,130.52827,2026-05-19,330,n,199.28,2026,5,19,851,Yichun,China,878881.0,571123.6999780594,571.1236999780593,Low
50.88586,130.51096,2026-05-19,330,n,50.19,2026,5,19,851,Yichun,China,878881.0,570541.2663862116,570.5412663862116,Low
50.88761,130.5186,2026-05-19,330,n,50.19,2026,5,19,851,Yichun,China,878881.0,571110.7610324522,571.1107610324523,Low
50.88903,130.54341,2026-05-19,330,n,178.21,2026,5,19,851,Yichun,China,878881.0,572256.2518661005,572.2562518661005,Low
50.89137,130.51648,2026-05-19,330,n,50.19,2026,5,19,851,Yichun,China,878881.0,571660.8059886381,571.6608059886381,Low
50.99284,130.19997,2026-05-19,330,n,61.63,2026,5,19,851,Yichun,China,878881.0,578437.4800160574,578.4374800160574,Low
51.0154,130.23141,2026-05-19,330,n,69.42,2026,5,19,851,Yichun,China,878881.0,583209.5344575858,583.2095344575857,Low
51.0192,130.22929,2026-05-19,330,n,69.42,2026,5,19,851,Yichun,China,878881.0,583795.3573386865,583.7953573386865,Low
51.0204,130.23453,2026-05-19,330,n,69.42,2026,5,19,851,Yichun,China,878881.0,584154.7739247216,584.1547739247217,Low
51.02917,130.2354,2026-05-19,330,n,58.38,2026,5,19,851,Yichun,China,878881.0,585676.9903642349,585.6769903642349,Low
51.03038,130.2406,2026-05-19,330,n,58.38,2026,5,19,851,Yichun,China,878881.0,586037.1358802938,586.0371358802938,Low
51.12306,130.20323,2026-05-19,330,n,52.77,2026,5,19,851,Yichun,China,878881.0,600819.7818220356,600.8197818220356,Low
51.12564,130.19591,2026-05-19,330,n,52.77,2026,5,19,851,Yichun,China,878881.0,601057.5816561861,601.0575816561861,Low
51.12684,130.2011,2026-05-19,330,n,52.77,2026,5,19,851,Yichun,China,878881.0,601408.8084575847,601.4088084575847,Low
52.21018,127.53924,2026-05-19,330,n,51.41,2026,5,19,851,Yichun,China,878881.0,789901.9385243362,789.9019385243362,Low
52.21174,127.54543,2026-05-19,330,n,51.41,2026,5,19,851,Yichun,China,878881.0,790054.4580719337,790.0544580719337,Low
52.2142,127.53663,2026-05-19,330,n,51.41,2026,5,19,851,Yichun,China,878881.0,790673.1940501551,790.6731940501551,Low
52.26535,127.42368,2026-05-19,330,n,195.28,2026,5,19,851,Yichun,China,878881.0,802193.2908543524,802.1932908543524,Low
52.26691,127.42989,2026-05-19,330,n,62.06,2026,5,19,851,Yichun,China,878881.0,802335.8781571203,802.3358781571203,Low
52.26845,127.4361,2026-05-19,330,n,62.06,2026,5,19,851,Yichun,China,878881.0,802475.577412759,802.475577412759,Low
52.26936,127.42096,2026-05-19,330,n,195.28,2026,5,19,851,Yichun,China,878881.0,802968.034581794,802.9680345817941,Low
52.27183,127.41211,2026-05-19,330,n,80.91,2026,5,19,851,Yichun,China,878881.0,803602.9983393842,803.6029983393842,Low
52.27245,127.43336,2026-05-19,330,n,62.06,2026,5,19,851,Yichun,China,878881.0,803248.7398377742,803.2487398377742,Low
52.27492,127.4245,2026-05-19,330,n,71.16,2026,5,19,851,Yichun,China,878881.0,803882.3534747157,803.8823534747157,Low
52.31627,127.57432,2026-05-19,330,n,189.02,2026,5,19,851,Yichun,China,878881.0,808187.8393567476,808.1878393567475,Low
52.31974,127.56751,2026-05-19,330,n,154.17,2026,5,19,851,Yichun,China,878881.0,808942.5813479413,808.9425813479413,Low
52.5746,127.20451,2026-05-19,332,n,55.74,2026,5,19,851,Yichun,China,878881.0,862432.3552402802,862.4323552402801,Low
52.57862,127.20185,2026-05-19,332,n,56.4,2026,5,19,851,Yichun,China,878881.0,863214.6876755644,863.2146876755644,Low
52.59978,127.50494,2026-05-19,332,h,112.28,2026,5,19,851,Yichun,China,878881.0,860536.2026361596,860.5362026361596,Low
52.62006,127.21732,2026-05-19,332,n,81.72,2026,5,19,851,Yichun,China,878881.0,870280.2382190594,870.2802382190595,Low
52.65255,127.12288,2026-05-19,332,n,95.23,2026,5,19,851,Yichun,China,878881.0,878339.9922210026,878.3399922210026,Low
52.76672,127.43182,2026-05-19,332,n,73.55,2026,5,19,851,Yichun,China,878881.0,892140.8343605313,892.1408343605312,Low
53.00201,126.7451,2026-05-19,332,n,109.94,2026,5,19,851,Yichun,China,878881.0,950720.4631368875,950.7204631368875,Low
53.00602,126.74229,2026-05-19,332,h,109.94,2026,5,19,851,Yichun,China,878881.0,951516.3622026346,951.5163622026346,Low
53.01008,126.73965,2026-05-19,332,n,76.64,2026,5,19,851,Yichun,China,878881.0,952316.6621892441,952.3166621892441,Low
53.26077,128.1599,2026-05-19,332,n,53.9,2026,5,19,851,Yichun,China,878881.0,972617.0439528526,972.6170439528526,Low
53.26324,128.15169,2026-05-19,332,n,53.9,2026,5,19,851,Yichun,China,878881.0,973146.9612569024,973.1469612569024,Low
53.26839,128.15485,2026-05-19,332,n,71.35,2026,5,19,851,Yichun,China,878881.0,974074.8548487917,974.0748548487917,Low
53.27088,128.14671,2026-05-19,332,n,71.35,2026,5,19,851,Yichun,China,878881.0,974608.350389232,974.6083503892321,Low
53.27205,128.15002,2026-05-19,332,n,110.19,2026,5,19,851,Yichun,China,878881.0,974796.3104160122,974.7963104160121,Low
53.27221,128.15236,2026-05-19,332,n,71.35,2026,5,19,851,Yichun,China,878881.0,974805.4818505303,974.8054818505302,Low
-41.13763,147.94193,2026-05-19,444,n,79.97,2026,5,19,127,Melbourne,Australia,5031195.0,582952.5395523938,582.9525395523939,Low
-41.13362,147.94189,2026-05-19,444,n,107.91,2026,5,19,127,Melbourne,Australia,5031195.0,582462.6374912709,582.4626374912709,Low
-41.13104,147.94824,2026-05-19,444,n,79.97,2026,5,19,127,Melbourne,Australia,5031195.0,582552.1215289196,582.5521215289195,Low
-35.83109,137.02966,2026-05-19,446,n,57.15,2026,5,19,545,Adelaide,Australia,1387290.0,213959.91344009538,213.95991344009536,Low
-33.75342,122.32349,2026-05-19,449,n,62.23,2026,5,19,388,Perth,Australia,2141834.0,757957.6305289755,757.9576305289755,Low
-13.39058,130.40001,2026-05-19,453,n,63.07,2026,5,19,557,Makassar,Indonesia,1338663.0,1537774.1898650478,1537.774189865048,Low
-13.38674,130.403,2026-05-19,453,n,63.07,2026,5,19,557,Makassar,Indonesia,1338663.0,1537772.629350778,1537.772629350778,Low
-13.38397,130.39896,2026-05-19,453,h,77.13,2026,5,19,557,Makassar,Indonesia,1338663.0,1537222.8016099986,1537.2228016099987,Low
-13.38344,130.40248,2026-05-19,453,n,77.13,2026,5,19,557,Makassar,Indonesia,1338663.0,1537497.798987419,1537.4977989874192,Low
-13.3822,130.36613,2026-05-19,453,n,149.95,2026,5,19,557,Makassar,Indonesia,1338663.0,1534194.1464661222,1534.1941464661222,Low
-13.38067,130.39842,2026-05-19,453,n,77.13,2026,5,19,557,Makassar,Indonesia,1338663.0,1536946.1990133824,1536.9461990133825,Low
-13.38013,130.40195,2026-05-19,453,n,77.13,2026,5,19,557,Makassar,Indonesia,1338663.0,1537221.4387403298,1537.2214387403299,Low
-13.37967,130.42717,2026-05-19,453,n,54.04,2026,5,19,557,Makassar,Indonesia,1338663.0,1539424.5479372279,1539.4245479372278,Low
-13.37913,130.43069,2026-05-19,453,n,54.04,2026,5,19,557,Makassar,Indonesia,1338663.0,1539699.2794893626,1539.6992794893627,Low
-13.3789,130.3656,2026-05-19,453,n,149.95,2026,5,19,557,Makassar,Indonesia,1338663.0,1533918.0772690072,1533.9180772690072,Low
-13.37637,130.42664,2026-05-19,453,n,54.04,2026,5,19,557,Makassar,Indonesia,1338663.0,1539149.229844736,1539.1492298447358,Low
-13.37252,130.42964,2026-05-19,453,n,60.03,2026,5,19,557,Makassar,Indonesia,1338663.0,1539148.9871132975,1539.1489871132974,Low
-13.36538,130.43211,2026-05-19,453,h,84.0,2026,5,19,557,Makassar,Indonesia,1338663.0,1538874.5666545543,1538.8745666545544,Low
-13.36484,130.43564,2026-05-19,453,h,84.0,2026,5,19,557,Makassar,Indonesia,1338663.0,1539150.4916376134,1539.1504916376134,Low
-13.36207,130.43159,2026-05-19,453,n,84.0,2026,5,19,557,Makassar,Indonesia,1338663.0,1538599.7404493364,1538.5997404493364,Low
-13.36153,130.4351,2026-05-19,453,n,84.0,2026,5,19,557,Makassar,Indonesia,1338663.0,1538873.9405971523,1538.8739405971523,Low
-13.3392,130.42368,2026-05-19,453,n,100.97,2026,5,19,557,Makassar,Indonesia,1338663.0,1536318.7957120533,1536.3187957120533,Low
-13.33704,130.43779,2026-05-19,453,n,74.07,2026,5,19,557,Makassar,Indonesia,1338663.0,1537423.3009475654,1537.4233009475654,Low
-13.33428,130.43373,2026-05-19,453,n,74.07,2026,5,19,557,Makassar,Indonesia,1338663.0,1536872.3390598153,1536.8723390598152,Low
-13.32045,130.41347,2026-05-19,453,n,81.82,2026,5,19,557,Makassar,Indonesia,1338663.0,1534119.0528193945,1534.1190528193945,Low
-13.31991,130.41698,2026-05-19,453,n,51.76,2026,5,19,557,Makassar,Indonesia,1338663.0,1534393.738168067,1534.393738168067,Low
-13.31937,130.42052,2026-05-19,453,n,51.76,2026,5,19,557,Makassar,Indonesia,1338663.0,1534671.1427330053,1534.6711427330054,Low
-13.3166,130.41646,2026-05-19,453,n,51.76,2026,5,19,557,Makassar,Indonesia,1338663.0,1534119.4999473754,1534.1194999473753,Low
-13.31606,130.41998,2026-05-19,453,n,51.76,2026,5,19,557,Makassar,Indonesia,1338663.0,1534395.1771908638,1534.3951771908637,Low
-13.28189,130.57716,2026-05-19,453,n,77.61,2026,5,19,557,Makassar,Indonesia,1338663.0,1546074.1730358216,1546.0741730358216,Low
3.12836,117.31017,2026-05-19,457,n,99.27,2026,5,19,896,Samarinda,Indonesia,831460.0,404536.38077889924,404.53638077889923,Low
3.13318,117.3059,2026-05-19,457,n,99.27,2026,5,19,896,Samarinda,Indonesia,831460.0,405050.90062232513,405.0509006223251,Low
3.13428,117.31255,2026-05-19,457,n,82.75,2026,5,19,896,Samarinda,Indonesia,831460.0,405208.268654,405.208268654,Low
48.6748,134.68822,2026-05-19,510,h,69.12,2026,5,19,1187,Khabarovsk,Russia,615570.0,54520.78231275348,54.52078231275348,Moderate
48.67507,134.67734,2026-05-19,510,n,69.12,2026,5,19,1187,Khabarovsk,Russia,615570.0,55528.835083963255,55.52883508396325,Moderate
48.67638,134.68039,2026-05-19,510,n,92.99,2026,5,19,1187,Khabarovsk,Russia,615570.0,55382.13446541315,55.38213446541315,Moderate
50.32316,129.92917,2026-05-19,510,h,55.46,2026,5,19,851,Yichun,China,878881.0,457052.89886076475,457.05289886076474,Low
50.4177,130.22775,2026-05-19,510,h,193.06,2026,5,19,851,Yichun,China,878881.0,482566.41317207826,482.5664131720783,Low
50.4178,130.2419,2026-05-19,510,h,115.2,2026,5,19,851,Yichun,China,878881.0,483089.1485058969,483.0891485058969,Low
50.41785,130.2489,2026-05-19,510,h,115.2,2026,5,19,851,Yichun,China,878881.0,483349.52216675243,483.3495221667524,Low
50.42388,130.24171,2026-05-19,510,n,115.2,2026,5,19,851,Yichun,China,878881.0,484087.8615818806,484.0878615818806,Low
50.42398,130.25569,2026-05-19,510,h,97.71,2026,5,19,851,Yichun,China,878881.0,484607.89785894856,484.60789785894855,Low
50.42427,130.29836,2026-05-19,510,n,73.93,2026,5,19,851,Yichun,China,878881.0,486220.0231321677,486.2200231321677,Low
50.42995,130.24123,2026-05-19,510,n,81.29,2026,5,19,851,Yichun,China,878881.0,485074.94540478475,485.0749454047847,Low
50.43001,130.24817,2026-05-19,510,h,81.29,2026,5,19,851,Yichun,China,878881.0,485333.67247457255,485.33367247457255,Low
50.43027,130.28377,2026-05-19,510,h,54.47,2026,5,19,851,Yichun,China,878881.0,486670.1004417743,486.6701004417743,Low
50.43032,130.29121,2026-05-19,510,n,54.47,2026,5,19,851,Yichun,China,878881.0,486952.2955051931,486.9522955051931,Low
50.43037,130.29857,2026-05-19,510,n,73.51,2026,5,19,851,Yichun,China,878881.0,487232.7693621191,487.2327693621191,Low
50.43598,130.23376,2026-05-19,510,n,52.26,2026,5,19,851,Yichun,China,878881.0,485806.96086559043,485.80696086559044,Low
50.43609,130.24785,2026-05-19,510,h,81.29,2026,5,19,851,Yichun,China,878881.0,486328.0048392901,486.3280048392901,Low
50.43647,130.29843,2026-05-19,510,n,73.51,2026,5,19,851,Yichun,China,878881.0,488232.9241631787,488.2329241631787,Low
50.44267,130.31273,2026-05-19,510,n,73.02,2026,5,19,851,Yichun,China,878881.0,489785.32298322965,489.78532298322966,Low
50.44876,130.31248,2026-05-19,510,n,73.02,2026,5,19,851,Yichun,China,878881.0,490779.42158332275,490.77942158332274,Low
50.44882,130.31982,2026-05-19,510,n,73.02,2026,5,19,851,Yichun,China,878881.0,491062.6212673277,491.0626212673277,Low
50.45403,130.21217,2026-05-19,510,n,123.45,2026,5,19,851,Yichun,China,878881.0,488041.2378538646,488.04123785386463,Low
50.45415,130.22595,2026-05-19,510,n,75.05,2026,5,19,851,Yichun,China,878881.0,488543.081861935,488.543081861935,Low
50.45495,130.22498,2026-05-19,510,h,80.76,2026,5,19,851,Yichun,China,878881.0,488641.7534472386,488.6417534472386,Low
50.45498,130.32739,2026-05-19,510,h,69.92,2026,5,19,851,Yichun,China,878881.0,492359.951394309,492.359951394309,Low
50.45504,130.33449,2026-05-19,510,n,69.92,2026,5,19,851,Yichun,China,878881.0,492636.00283130474,492.6360028313047,Low
50.45531,130.32649,2026-05-19,510,h,226.51,2026,5,19,851,Yichun,China,878881.0,492380.63762978377,492.3806376297838,Low
50.46017,130.21889,2026-05-19,510,h,123.45,2026,5,19,851,Yichun,China,878881.0,489295.0672821698,489.29506728216984,Low
50.46096,130.31259,2026-05-19,510,n,109.76,2026,5,19,851,Yichun,China,878881.0,492794.7622464678,492.7947622464678,Low
50.46114,130.33412,2026-05-19,510,n,69.92,2026,5,19,851,Yichun,China,878881.0,493626.29827390274,493.62629827390276,Low
50.46706,130.31235,2026-05-19,510,n,53.3,2026,5,19,851,Yichun,China,878881.0,493792.10455060244,493.79210455060246,Low
50.46712,130.31956,2026-05-19,510,h,53.3,2026,5,19,851,Yichun,China,878881.0,494068.804023984,494.068804023984,Low
50.46749,130.3186,2026-05-19,510,h,84.97,2026,5,19,851,Yichun,China,878881.0,494094.23025895463,494.0942302589546,Low
50.46752,130.32576,2026-05-19,510,n,84.97,2026,5,19,851,Yichun,China,878881.0,494365.0862147759,494.36508621477594,Low
50.47316,130.3118,2026-05-19,510,n,53.3,2026,5,19,851,Yichun,China,878881.0,494778.4471076233,494.77844710762326,Low
50.51004,130.28795,2026-05-19,510,n,83.41,2026,5,19,851,Yichun,China,878881.0,500011.0442877719,500.01104428777194,Low
50.51016,130.30942,2026-05-19,510,h,110.61,2026,5,19,851,Yichun,China,878881.0,500805.93577458896,500.80593577458893,Low
50.51618,130.29489,2026-05-19,510,n,83.41,2026,5,19,851,Yichun,China,878881.0,501277.62006503774,501.27762006503775,Low
50.51626,130.30939,2026-05-19,510,h,110.61,2026,5,19,851,Yichun,China,878881.0,501814.33827279793,501.81433827279795,Low
50.60184,130.3119,2026-05-19,510,h,62.89,2026,5,19,851,Yichun,China,878881.0,516104.1932566229,516.1041932566229,Low
50.75389,132.36928,2026-05-19,510,n,88.49,2026,5,19,1187,Khabarovsk,Russia,615570.0,493520.61470701144,493.5206147070114,Low
50.75665,132.36832,2026-05-19,510,n,73.99,2026,5,19,1187,Khabarovsk,Russia,615570.0,493970.0984931925,493.9700984931925,Low
50.85431,132.28296,2026-05-19,510,h,54.47,2026,5,19,1187,Khabarovsk,Russia,615570.0,513399.9500269981,513.3999500269981,Low
50.85863,132.28778,2026-05-19,510,n,53.86,2026,5,19,1187,Khabarovsk,Russia,615570.0,513680.21909796837,513.6802190979683,Low
50.85875,132.27936,2026-05-19,510,n,53.86,2026,5,19,1187,Khabarovsk,Russia,615570.0,514265.4158800182,514.2654158800182,Low
50.86092,132.28255,2026-05-19,510,h,54.47,2026,5,19,1187,Khabarovsk,Russia,615570.0,514354.2813360706,514.3542813360706,Low
50.86536,132.27922,2026-05-19,510,h,60.38,2026,5,19,1187,Khabarovsk,Russia,615570.0,515201.82838488143,515.2018283848814,Low
50.86549,132.27095,2026-05-19,510,n,74.65,2026,5,19,1187,Khabarovsk,Russia,615570.0,515778.3476806598,515.7783476806597,Low
50.86753,132.28244,2026-05-19,510,h,56.06,2026,5,19,1187,Khabarovsk,Russia,615570.0,515289.4098789458,515.2894098789458,Low
50.87186,132.28731,2026-05-19,510,h,60.38,2026,5,19,1187,Khabarovsk,Russia,615570.0,515570.25489344285,515.5702548934429,Low
50.87197,132.27946,2026-05-19,510,n,60.38,2026,5,19,1187,Khabarovsk,Russia,615570.0,516113.724088321,516.113724088321,Low
50.87405,132.29079,2026-05-19,510,n,56.06,2026,5,19,1187,Khabarovsk,Russia,615570.0,515644.6591973461,515.6446591973461,Low
50.87413,132.28285,2026-05-19,510,n,56.06,2026,5,19,1187,Khabarovsk,Russia,615570.0,516189.24189088563,516.1892418908857,Low
50.87826,130.51091,2026-05-19,510,h,50.9,2026,5,19,851,Yichun,China,878881.0,569271.8475861612,569.2718475861612,Low
50.8783,130.51814,2026-05-19,510,n,50.9,2026,5,19,851,Yichun,China,878881.0,569541.840106922,569.541840106922,Low
50.88039,132.31847,2026-05-19,510,h,53.9,2026,5,19,1187,Khabarovsk,Russia,615570.0,514688.9962671764,514.6889962671764,Low
50.88049,132.30878,2026-05-19,510,n,60.34,2026,5,19,1187,Khabarovsk,Russia,615570.0,515348.8897464857,515.3488897464857,Low
50.88058,132.29987,2026-05-19,510,h,60.34,2026,5,19,1187,Khabarovsk,Russia,615570.0,515956.6356147518,515.9566356147518,Low
50.88065,132.29173,2026-05-19,510,n,54.28,2026,5,19,1187,Khabarovsk,Russia,615570.0,516511.17800860445,516.5111780086045,Low
50.88073,132.2836,2026-05-19,510,h,54.28,2026,5,19,1187,Khabarovsk,Russia,615570.0,517067.45081135863,517.0674508113586,Low
50.887,132.31937,2026-05-19,510,h,53.9,2026,5,19,1187,Khabarovsk,Russia,615570.0,515564.47324870416,515.5644732487042,Low
50.88717,132.30125,2026-05-19,510,n,60.34,2026,5,19,1187,Khabarovsk,Russia,615570.0,516794.795807569,516.794795807569,Low
50.89999,132.34541,2026-05-19,510,h,137.02,2026,5,19,1187,Khabarovsk,Russia,615570.0,515687.3076180324,515.6873076180324,Low
50.90406,132.35147,2026-05-19,510,h,111.8,2026,5,19,1187,Khabarovsk,Russia,615570.0,515869.0381231929,515.8690381231929,Low
50.90418,132.34259,2026-05-19,510,h,196.04,2026,5,19,1187,Khabarovsk,Russia,615570.0,516469.48001659475,516.4694800165947,Low
50.90836,130.49164,2026-05-19,510,h,52.98,2026,5,19,851,Yichun,China,878881.0,573604.6338742578,573.6046338742578,Low
50.91068,132.35234,2026-05-19,510,h,111.8,2026,5,19,1187,Khabarovsk,Russia,615570.0,516756.52804940107,516.756528049401,Low
50.9108,132.34349,2026-05-19,510,n,196.04,2026,5,19,1187,Khabarovsk,Russia,615570.0,517353.8363774091,517.3538363774092,Low
50.99929,130.28564,2026-05-19,510,h,70.83,2026,5,19,851,Yichun,China,878881.0,582100.909192896,582.100909192896,Low
50.99934,130.29283,2026-05-19,510,h,70.83,2026,5,19,851,Yichun,China,878881.0,582331.0364740905,582.3310364740905,Low
50.9994,130.29987,2026-05-19,510,h,77.86,2026,5,19,851,Yichun,China,878881.0,582559.2162584311,582.5592162584311,Low
51.0054,130.28575,2026-05-19,510,h,70.83,2026,5,19,851,Yichun,China,878881.0,583143.1394734414,583.1431394734414,Low
51.00551,130.29991,2026-05-19,510,h,77.86,2026,5,19,851,Yichun,China,878881.0,583598.5312758933,583.5985312758934,Low
51.00555,130.2999,2026-05-19,510,h,90.48,2026,5,19,851,Yichun,China,878881.0,583605.018360045,583.605018360045,Low
51.01163,130.2926,2026-05-19,510,n,90.48,2026,5,19,851,Yichun,China,878881.0,584413.0711927968,584.4130711927968,Low
51.02983,130.26337,2026-05-19,510,n,106.14,2026,5,19,851,Yichun,China,878881.0,586622.3677080071,586.6223677080071,Low
51.02986,130.27071,2026-05-19,510,h,106.14,2026,5,19,851,Yichun,China,878881.0,586848.548733737,586.848548733737,Low
51.03592,130.26314,2026-05-19,510,n,106.14,2026,5,19,851,Yichun,China,878881.0,587653.5451598888,587.6535451598888,Low
51.03603,130.28517,2026-05-19,510,n,203.41,2026,5,19,851,Yichun,China,878881.0,588337.6770615531,588.3376770615531,Low
51.06651,130.27681,2026-05-19,510,n,80.13,2026,5,19,851,Yichun,China,878881.0,593280.2246963988,593.2802246963988,Low
51.06655,130.28395,2026-05-19,510,h,80.13,2026,5,19,851,Yichun,China,878881.0,593501.6696507422,593.5016696507422,Low
51.07871,130.27644,2026-05-19,510,n,52.82,2026,5,19,851,Yichun,China,878881.0,595350.9608976296,595.3509608976296,Low
51.07876,130.28352,2026-05-19,510,h,52.82,2026,5,19,851,Yichun,China,878881.0,595571.5138249751,595.5715138249751,Low
51.08482,130.27643,2026-05-19,510,n,52.82,2026,5,19,851,Yichun,China,878881.0,596393.7038719072,596.3937038719072,Low
51.08486,130.28357,2026-05-19,510,h,52.82,2026,5,19,851,Yichun,China,878881.0,596613.9780736598,596.6139780736598,Low
51.08514,130.28278,2026-05-19,510,n,130.25,2026,5,19,851,Yichun,China,878881.0,596638.103816544,596.638103816544,Low
51.36584,128.4187,2026-05-19,512,n,73.13,2026,5,19,851,Yichun,China,878881.0,626307.8428359737,626.3078428359737,Low
51.75076,129.25534,2026-05-19,512,h,122.6,2026,5,19,851,Yichun,China,878881.0,694994.31856908,694.99431856908,Low
52.25078,127.41651,2026-05-19,512,h,102.04,2026,5,19,851,Yichun,China,878881.0,799753.345809762,799.753345809762,Low
52.25092,127.42203,2026-05-19,512,n,186.06,2026,5,19,851,Yichun,China,878881.0,799656.6891289646,799.6566891289646,Low
52.25608,127.41072,2026-05-19,512,n,102.04,2026,5,19,851,Yichun,China,878881.0,800825.9039002722,800.8259039002722,Low
52.25652,127.42741,2026-05-19,512,h,186.06,2026,5,19,851,Yichun,China,878881.0,800537.0430837373,800.5370430837372,Low
52.28424,127.44319,2026-05-19,512,h,80.17,2026,5,19,851,Yichun,China,878881.0,805140.5844409713,805.1405844409712,Low
52.37679,127.60783,2026-05-19,512,n,109.11,2026,5,19,851,Yichun,China,878881.0,818415.3606027928,818.4153606027928,Low
52.62256,127.52144,2026-05-19,512,h,61.67,2026,5,19,851,Yichun,China,878881.0,864335.775608932,864.3357756089321,Low
52.79629,127.41544,2026-05-19,512,h,131.9,2026,5,19,851,Yichun,China,878881.0,897819.2033441035,897.8192033441036,Low
53.01303,126.77495,2026-05-19,512,n,55.59,2026,5,19,851,Yichun,China,878881.0,951888.6863200809,951.8886863200809,Low
53.01836,126.77458,2026-05-19,512,n,84.95,2026,5,19,851,Yichun,China,878881.0,952855.7018783384,952.8557018783383,Low
53.21393,124.78165,2026-05-19,512,n,107.51,2026,5,19,178,Qiqihar,China,4067489.0,1026979.177584353,1026.979177584353,Low
53.21883,124.7812,2026-05-19,512,n,54.68,2026,5,19,178,Qiqihar,China,4067489.0,1027881.4385779799,1027.88143857798,Low
53.22333,124.77167,2026-05-19,512,n,54.68,2026,5,19,178,Qiqihar,China,4067489.0,1028615.9180655006,1028.6159180655006,Low
53.22373,124.78044,2026-05-19,512,n,54.68,2026,5,19,178,Qiqihar,China,4067489.0,1028780.6008353556,1028.7806008353555,Low
53.26163,128.17519,2026-05-19,512,h,61.68,2026,5,19,851,Yichun,China,878881.0,972645.4214990941,972.6454214990941,Low
53.2785,128.16811,2026-05-19,512,n,118.48,2026,5,19,851,Yichun,China,878881.0,975836.6724690876,975.8366724690876,Low
53.28424,128.17398,2026-05-19,512,n,118.48,2026,5,19,851,Yichun,China,878881.0,976852.3581068248,976.8523581068248,Low
60.42942,96.51521,2026-05-19,514,n,57.48,2026,5,19,686,Krasnoyarsk,Russia,1092851.0,1019890.9860976073,1019.8909860976073,Low
61.34575,112.81057,2026-05-19,514,n,111.62,2026,5,19,1165,Irkutsk,Russia,623736.0,2082213.7765403553,2082.2137765403554,Low
-33.5733,116.03463,2026-05-19,627,n,65.7,2026,5,19,388,Perth,Australia,2141834.0,215023.03950908818,215.0230395090882,Low
-33.5733,116.04295,2026-05-19,627,n,199.17,2026,5,19,388,Perth,Australia,2141834.0,215108.89446979773,215.10889446979772,Low
-33.57209,116.04064,2026-05-19,627,n,65.7,2026,5,19,388,Perth,Australia,2141834.0,214923.70711814624,214.92370711814624,Low
-33.57203,116.04911,2026-05-19,627,n,199.17,2026,5,19,388,Perth,Australia,2141834.0,215006.14272688644,215.00614272688642,Low
-33.57108,116.04572,2026-05-19,627,n,102.69,2026,5,19,388,Perth,Australia,2141834.0,214843.12834318142,214.84312834318143,Low
-33.56934,116.0336,2026-05-19,627,n,65.7,2026,5,19,388,Perth,Australia,2141834.0,214485.76394711164,214.48576394711165,Low
-33.56813,116.03963,2026-05-19,627,n,65.7,2026,5,19,388,Perth,Australia,2141834.0,214386.4391495952,214.3864391495952,Low
-33.56712,116.04465,2026-05-19,627,n,102.69,2026,5,19,388,Perth,Australia,2141834.0,214305.0591981698,214.3050591981698,Low
-33.2692,117.76105,2026-05-19,627,h,83.33,2026,5,19,388,Perth,Australia,2141834.0,273731.5906288044,273.7315906288044,Low
-33.26809,117.76614,2026-05-19,627,n,59.21,2026,5,19,388,Perth,Australia,2141834.0,274076.4093705994,274.0764093705994,Low
-33.26487,117.75969,2026-05-19,627,n,83.33,2026,5,19,388,Perth,Australia,2141834.0,273249.18668881734,273.24918668881736,Low
-33.04117,117.47603,2026-05-19,627,n,188.39,2026,5,19,388,Perth,Australia,2141834.0,229995.263995839,229.995263995839,Low
-31.83984,116.27117,2026-05-19,627,n,52.24,2026,5,19,388,Perth,Australia,2141834.0,48262.25437330895,48.26225437330895,High
-31.83571,116.27001,2026-05-19,627,h,52.24,2026,5,19,388,Perth,Australia,2141834.0,48313.3709004367,48.313370900436695,High
-31.83481,116.27435,2026-05-19,627,n,52.24,2026,5,19,388,Perth,Australia,2141834.0,48808.57459594278,48.80857459594278,High
-30.14956,115.11933,2026-05-19,629,n,58.67,2026,5,19,388,Perth,Australia,2141834.0,248770.36404741346,248.77036404741347,Low
-30.14474,115.12229,2026-05-19,629,n,63.47,2026,5,19,388,Perth,Australia,2141834.0,249247.18029151697,249.24718029151697,Low
-30.14075,115.12115,2026-05-19,629,n,63.47,2026,5,19,388,Perth,Australia,2141834.0,249773.94324385552,249.7739432438555,Low
-20.70156,120.12157,2026-05-19,631,n,53.5,2026,5,19,388,Perth,Australia,2141834.0,1479322.0801220147,1479.3220801220148,Low
-20.70084,120.1212,2026-05-19,631,n,66.11,2026,5,19,388,Perth,Australia,2141834.0,1479390.0283523116,1479.3900283523117,Low
20.46484,100.54879,2026-05-19,644,n,168.52,2026,5,19,1138,Jinghong,China,642737.0,186484.46520652337,186.48446520652337,Low
20.46697,100.54961,2026-05-19,644,n,104.78,2026,5,19,1138,Jinghong,China,642737.0,186220.65609506643,186.22065609506643,Low
20.51884,102.70475,2026-05-19,644,n,119.35,2026,5,19,1138,Jinghong,China,642737.0,277106.5775372306,277.10657753723063,Low
20.69908,101.21764,2026-05-19,644,n,65.34,2026,5,19,1138,Jinghong,China,642737.0,163424.76966485614,163.42476966485614,Low
21.00722,100.77627,2026-05-19,644,n,61.95,2026,5,19,1138,Jinghong,China,642737.0,119888.5212436814,119.88852124368141,Low
21.01758,100.71442,2026-05-19,644,n,94.75,2026,5,19,1138,Jinghong,China,642737.0,118986.53069429574,118.98653069429574,Low
21.25908,100.44903,2026-05-19,644,n,63.01,2026,5,19,1138,Jinghong,China,642737.0,97805.4240933009,97.8054240933009,Moderate
21.26207,100.44382,2026-05-19,644,n,113.25,2026,5,19,1138,Jinghong,China,642737.0,97709.49970730297,97.70949970730297,Moderate
22.62266,101.40175,2026-05-19,644,n,57.62,2026,5,19,1138,Jinghong,China,642737.0,99924.32780432032,99.92432780432031,Moderate
22.62473,101.40314,2026-05-19,644,n,57.54,2026,5,19,1138,Jinghong,China,642737.0,100213.0714418397,100.2130714418397,Low
22.69631,99.44724,2026-05-19,644,n,52.95,2026,5,19,368,Lincang,China,2257991.0,160698.86968541553,160.69886968541553,Low
22.69926,99.44261,2026-05-19,644,n,52.95,2026,5,19,368,Lincang,China,2257991.0,160610.34551696666,160.61034551696665,Low
22.9456,99.26618,2026-05-19,644,n,195.67,2026,5,19,368,Lincang,China,2257991.0,146112.75123982504,146.11275123982503,Low
27.5457,97.80448,2026-05-19,646,n,122.64,2026,5,19,596,Dayan,China,1253878.0,283067.1653801891,283.06716538018907,Low
53.93738,78.26421,2026-05-19,654,n,59.51,2026,5,19,475,Novosibirsk,Russia,1633851.0,563534.7760001465,563.5347760001465,Low
60.42877,96.51582,2026-05-19,657,n,111.65,2026,5,19,686,Krasnoyarsk,Russia,1092851.0,1019783.4665980096,1019.7834665980096,Low
60.4335,96.25521,2026-05-19,657,n,63.2,2026,5,19,686,Krasnoyarsk,Russia,1092851.0,1009584.9617462654,1009.5849617462654,Low
60.43931,96.25092,2026-05-19,657,n,50.04,2026,5,19,686,Krasnoyarsk,Russia,1092851.0,1010623.4692393023,1010.6234692393024,Low
60.44454,97.55587,2026-05-19,657,n,50.08,2026,5,19,686,Krasnoyarsk,Russia,1092851.0,1074226.103220561,1074.226103220561,Low
60.78026,97.07475,2026-05-19,657,n,55.97,2026,5,19,686,Krasnoyarsk,Russia,1092851.0,1117960.2888963358,1117.9602888963357,Low
17.89172,-93.18522,2026-05-19,724,n,75.56,2026,5,19,1259,Tuxtla,Mexico,578830.0,133028.91857479126,133.02891857479125,Low
22.979,79.9707,2026-05-19,826,n,61.23,2026,5,19,591,Jabalpur,India,1267564.0,23089.878931592706,23.089878931592708,Very High
36.00459,63.52395,2026-05-19,830,n,67.25,2026,5,19,1304,Herāt,Afghanistan,556205.0,269998.0244611291,269.9980244611291,Low
36.00914,63.52815,2026-05-19,830,h,67.25,2026,5,19,1304,Herāt,Afghanistan,556205.0,270777.7821291553,270.7777821291553,Low
36.01047,63.53019,2026-05-19,830,h,92.01,2026,5,19,1304,Herāt,Afghanistan,556205.0,271054.99223140534,271.0549922314053,Low
36.01724,63.61193,2026-05-19,830,n,76.06,2026,5,19,1304,Herāt,Afghanistan,556205.0,276887.03978012764,276.8870397801276,Low
52.48724,69.01917,2026-05-19,835,n,54.5,2026,5,19,693,Astana,Kazakhstan,1078362.0,360279.49243906117,360.2794924390612,Low
61.00022,60.17787,2026-05-19,837,n,57.67,2026,5,19,726,Perm,Russia,1026908.0,786412.4016799,786.4124016799,Low
23.53014,53.29243,2026-05-19,1009,n,99.41,2026,5,19,517,Abu Dhabi,United Arab Emirates,1483000.0,165304.10924113978,165.30410924113977,Low
35.68518,43.8758,2026-05-19,1013,h,102.97,2026,5,19,757,Kirkuk,Iraq,975000.0,65569.1656584201,65.5691656584201,Moderate
52.50648,52.48853,2026-05-19,1015,n,59.73,2026,5,19,651,Samara,Russia,1156659.0,291173.89484859665,291.17389484859666,Low
52.50669,52.50132,2026-05-19,1015,n,88.69,2026,5,19,651,Samara,Russia,1156659.0,292435.646597724,292.435646597724,Low
52.50679,52.5077,2026-05-19,1015,h,88.69,2026,5,19,651,Samara,Russia,1156659.0,293065.98024346575,293.06598024346573,Low
-30.12961,30.10824,2026-05-19,1134,n,55.1,2026,5,19,890,Pietermaritzburg,South Africa,839327.0,72617.30673159481,72.61730673159481,Moderate
-30.05706,29.94565,2026-05-19,1134,n,73.12,2026,5,19,890,Pietermaritzburg,South Africa,839327.0,74613.10673927148,74.61310673927147,Moderate
-30.05648,29.95009,2026-05-19,1134,h,73.12,2026,5,19,890,Pietermaritzburg,South Africa,839327.0,74234.59355514204,74.23459355514204,Moderate
-30.05295,29.94946,2026-05-19,1134,n,73.12,2026,5,19,890,Pietermaritzburg,South Africa,839327.0,73935.81816376174,73.93581816376174,Moderate
-29.23417,30.44183,2026-05-19,1134,n,102.94,2026,5,19,890,Pietermaritzburg,South Africa,839327.0,49322.46449299536,49.32246449299536,High
-20.415,44.74674,2026-05-19,1136,h,64.41,2026,5,19,586,Antananarivo,Madagascar,1275207.0,356797.99366672424,356.79799366672427,Low
-10.18004,27.24922,2026-05-19,1140,n,52.73,2026,5,19,443,Lubumbashi,Congo (Kinshasa),1786397.0,170264.92814647086,170.26492814647085,Low
-9.35518,23.3283,2026-05-19,1140,n,61.42,2026,5,19,271,Mbuji-Mayi,Congo (Kinshasa),2892000.0,361406.82641758816,361.40682641758815,Low
-8.8562,24.91695,2026-05-19,1140,n,143.66,2026,5,19,1271,Kabinda,Congo (Kinshasa),572000.0,309963.22681391845,309.9632268139184,Low
-7.25791,22.79811,2026-05-19,1140,n,78.84,2026,5,19,271,Mbuji-Mayi,Congo (Kinshasa),2892000.0,152937.38636968602,152.937386369686,Low
-7.11864,25.56903,2026-05-19,1140,n,73.44,2026,5,19,1271,Kabinda,Congo (Kinshasa),572000.0,164233.152942925,164.233152942925,Low
-7.05013,26.0314,2026-05-19,1140,n,56.97,2026,5,19,1271,Kabinda,Congo (Kinshasa),572000.0,201140.48943319058,201.1404894331906,Low
-6.94471,22.74613,2026-05-19,1140,n,88.96,2026,5,19,419,Kananga,Congo (Kinshasa),1971704.0,121946.16468683808,121.94616468683807,Low
-6.91901,24.61041,2026-05-19,1140,n,180.6,2026,5,19,1271,Kabinda,Congo (Kinshasa),572000.0,89589.48812095197,89.58948812095197,Moderate
-6.23651,27.97084,2026-05-19,1140,n,56.57,2026,5,19,1009,Uvira,Congo (Kinshasa),726000.0,343020.3893510487,343.02038935104866,Low
-5.43537,27.73987,2026-05-19,1142,n,51.35,2026,5,19,1009,Uvira,Congo (Kinshasa),726000.0,276206.22997050366,276.20622997050367,Low
-4.70257,25.91984,2026-05-19,1142,n,59.23,2026,5,19,1271,Kabinda,Congo (Kinshasa),572000.0,226203.86575986198,226.20386575986197,Low
-4.68678,25.95684,2026-05-19,1142,n,68.15,2026,5,19,1271,Kabinda,Congo (Kinshasa),572000.0,230372.81040823372,230.37281040823373,Low
-4.08311,24.93304,2026-05-19,1142,n,55.25,2026,5,19,1271,Kabinda,Congo (Kinshasa),572000.0,234271.82488859992,234.27182488859992,Low
10.69544,-14.03578,2026-05-19,1327,h,53.05,2026,5,19,469,Conakry,Guinea,1667864.0,138886.12397310225,138.88612397310226,Low
10.81533,-13.84422,2026-05-19,1327,h,53.2,2026,5,19,469,Conakry,Guinea,1667864.0,148447.74806620294,148.44774806620293,Low
11.12919,-14.95877,2026-05-19,1327,h,99.15,2026,5,19,469,Conakry,Guinea,1667864.0,229909.11247976718,229.90911247976717,Low
11.12968,-14.96709,2026-05-19,1327,n,98.12,2026,5,19,469,Conakry,Guinea,1667864.0,230513.53265610605,230.51353265610604,Low
11.13086,-14.96117,2026-05-19,1327,h,60.64,2026,5,19,469,Conakry,Guinea,1667864.0,230221.4521948185,230.2214521948185,Low
11.26803,-14.14837,2026-05-19,1327,n,82.22,2026,5,19,469,Conakry,Guinea,1667864.0,204899.4113885187,204.8994113885187,Low
11.38014,-13.94547,2026-05-19,1327,h,84.16,2026,5,19,469,Conakry,Guinea,1667864.0,213377.2457563204,213.3772457563204,Low
11.38532,-13.95178,2026-05-19,1327,h,84.16,2026,5,19,469,Conakry,Guinea,1667864.0,214047.47613841767,214.04747613841766,Low
11.38627,-13.94699,2026-05-19,1327,h,84.16,2026,5,19,469,Conakry,Guinea,1667864.0,214088.76108033585,214.08876108033584,Low
11.47931,-13.92478,2026-05-19,1327,n,129.51,2026,5,19,469,Conakry,Guinea,1667864.0,224305.96212408252,224.30596212408253,Low
11.48136,-13.91446,2026-05-19,1327,n,71.25,2026,5,19,469,Conakry,Guinea,1667864.0,224419.36025345442,224.4193602534544,Low
11.51385,-13.87987,2026-05-19,1327,n,60.42,2026,5,19,469,Conakry,Guinea,1667864.0,227744.01304033256,227.74401304033256,Low
11.51481,-13.87499,2026-05-19,1327,h,60.42,2026,5,19,469,Conakry,Guinea,1667864.0,227808.85094232587,227.80885094232588,Low
11.51952,-13.88049,2026-05-19,1327,n,55.81,2026,5,19,469,Conakry,Guinea,1667864.0,228391.65353595695,228.39165353595695,Low
11.52007,-13.88077,2026-05-19,1327,n,60.42,2026,5,19,469,Conakry,Guinea,1667864.0,228456.48556346222,228.45648556346222,Low
11.52047,-13.87585,2026-05-19,1327,h,55.81,2026,5,19,469,Conakry,Guinea,1667864.0,228457.44960336908,228.45744960336907,Low
11.52098,-13.87612,2026-05-19,1327,h,60.42,2026,5,19,469,Conakry,Guinea,1667864.0,228517.60351254986,228.51760351254987,Low
11.59431,-12.17256,2026-05-19,1327,h,61.15,2026,5,19,469,Conakry,Guinea,1667864.0,291766.6910630401,291.7666910630401,Low
14.15942,-4.66879,2026-05-19,1327,h,87.27,2026,5,19,822,Bobo-Dioulasso,Burkina Faso,903887.0,342313.1023367875,342.3131023367875,Low
14.16282,-4.66936,2026-05-19,1327,h,87.27,2026,5,19,822,Bobo-Dioulasso,Burkina Faso,903887.0,342708.3259887268,342.7083259887268,Low
14.21164,-4.34025,2026-05-19,1327,h,89.35,2026,5,19,822,Bobo-Dioulasso,Burkina Faso,903887.0,345666.7579244169,345.6667579244169,Low
14.88946,-4.65708,2026-05-19,1327,h,126.98,2026,5,19,822,Bobo-Dioulasso,Burkina Faso,903887.0,425602.839212127,425.602839212127,Low
14.89283,-4.65765,2026-05-19,1327,h,126.98,2026,5,19,822,Bobo-Dioulasso,Burkina Faso,903887.0,425995.36728085706,425.99536728085707,Low
10.41643,-14.28218,2026-05-19,1507,h,66.94,2026,5,19,469,Conakry,Guinea,1667864.0,120583.13936113483,120.58313936113483,Low
10.4386,-14.01496,2026-05-19,1507,h,52.71,2026,5,19,469,Conakry,Guinea,1667864.0,110323.28414765507,110.32328414765507,Low
10.82536,-14.20685,2026-05-19,1507,n,53.46,2026,5,19,469,Conakry,Guinea,1667864.0,158713.39910004352,158.71339910004352,Low
10.83108,-14.20507,2026-05-19,1507,n,59.21,2026,5,19,469,Conakry,Guinea,1667864.0,159253.2060379003,159.2532060379003,Low
10.83187,-14.19825,2026-05-19,1507,n,59.21,2026,5,19,469,Conakry,Guinea,1667864.0,159077.44003276536,159.07744003276537,Low
10.83225,-14.20718,2026-05-19,1507,h,53.46,2026,5,19,469,Conakry,Guinea,1667864.0,159458.71237154503,159.45871237154503,Low
10.87477,-13.74817,2026-05-19,1507,h,52.55,2026,5,19,469,Conakry,Guinea,1667864.0,154507.53447533833,154.50753447533833,Low
10.88954,-14.58567,2026-05-19,1507,h,101.92,2026,5,19,469,Conakry,Guinea,1667864.0,183932.19924861903,183.93219924861904,Low
10.95769,-14.01958,2026-05-19,1507,n,70.25,2026,5,19,469,Conakry,Guinea,1667864.0,167390.96654414703,167.39096654414703,Low
10.95843,-14.01462,2026-05-19,1507,n,100.43,2026,5,19,469,Conakry,Guinea,1667864.0,167361.16293604166,167.36116293604167,Low
10.9585,-14.01245,2026-05-19,1507,h,70.25,2026,5,19,469,Conakry,Guinea,1667864.0,167320.51613997467,167.32051613997467,Low
10.95913,-14.0081,2026-05-19,1507,h,100.43,2026,5,19,469,Conakry,Guinea,1667864.0,167294.49332460196,167.29449332460197,Low
10.95922,-14.00619,2026-05-19,1507,n,74.79,2026,5,19,469,Conakry,Guinea,1667864.0,167262.76699315567,167.26276699315568,Low
10.9654,-14.01345,2026-05-19,1507,n,70.25,2026,5,19,469,Conakry,Guinea,1667864.0,168109.37108746127,168.10937108746128,Low
11.04358,-13.8163,2026-05-19,1507,n,71.92,2026,5,19,469,Conakry,Guinea,1667864.0,173982.92407774102,173.98292407774102,Low
11.04432,-13.80963,2026-05-19,1507,n,56.96,2026,5,19,469,Conakry,Guinea,1667864.0,174018.81414275503,174.01881414275502,Low
11.20125,-14.29128,2026-05-19,1507,n,50.93,2026,5,19,469,Conakry,Guinea,1667864.0,202043.8075333536,202.0438075333536,Low
11.2019,-14.28545,2026-05-19,1507,n,50.93,2026,5,19,469,Conakry,Guinea,1667864.0,201907.66150283918,201.90766150283918,Low
11.57241,-16.27147,2026-05-19,1507,h,52.05,2026,5,19,469,Conakry,Guinea,1667864.0,368442.2378882771,368.4422378882771,Low
11.57386,-16.27077,2026-05-19,1507,h,58.77,2026,5,19,469,Conakry,Guinea,1667864.0,368486.5032787702,368.4865032787702,Low
11.6307,-13.95451,2026-05-19,1507,n,56.25,2026,5,19,469,Conakry,Guinea,1667864.0,241764.9138366805,241.7649138366805,Low
11.80957,-13.7978,2026-05-19,1507,n,65.96,2026,5,19,469,Conakry,Guinea,1667864.0,260765.31829792616,260.76531829792617,Low
11.81033,-13.79085,2026-05-19,1507,h,85.06,2026,5,19,469,Conakry,Guinea,1667864.0,260824.57664799207,260.82457664799205,Low
11.87392,-13.70866,2026-05-19,1507,h,56.61,2026,5,19,469,Conakry,Guinea,1667864.0,267910.6207445231,267.9106207445231,Low
13.47276,-16.28664,2026-05-19,1509,n,50.25,2026,5,19,1368,Touba,Senegal,529176.0,166225.26959259194,166.22526959259193,Low
13.47362,-16.28856,2026-05-19,1509,n,57.92,2026,5,19,1368,Touba,Senegal,529176.0,166188.37949586177,166.18837949586177,Low
13.47897,-16.28742,2026-05-19,1509,n,51.2,2026,5,19,1368,Touba,Senegal,529176.0,165564.51107219455,165.56451107219456,Low
13.47951,-16.28238,2026-05-19,1509,h,80.94,2026,5,19,1368,Touba,Senegal,529176.0,165353.40300896723,165.35340300896723,Low
-32.89087,-57.42118,2026-05-19,1637,h,129.3,2026,5,19,19,Buenos Aires,Argentina,16710000.0,253003.12979401887,253.00312979401886,Low
-32.88931,-57.42078,2026-05-19,1637,h,95.54,2026,5,19,19,Buenos Aires,Argentina,16710000.0,253209.38957832297,253.20938957832297,Low
-29.96329,-57.52848,2026-05-19,1639,n,62.37,2026,5,19,584,Rosario,Argentina,1276000.0,522185.45680583984,522.1854568058399,Low
-29.96297,-57.52167,2026-05-19,1639,h,104.29,2026,5,19,584,Rosario,Argentina,1276000.0,522719.2623990581,522.719262399058,Low
-28.30354,-56.60193,2026-05-19,1639,n,71.07,2026,5,19,558,Porto Alegre,Brazil,1332845.0,637347.0834290105,637.3470834290105,Low
-28.30322,-56.59633,2026-05-19,1639,h,71.07,2026,5,19,558,Porto Alegre,Brazil,1332845.0,636776.2251727688,636.7762251727688,Low
-28.30008,-56.60027,2026-05-19,1639,n,71.63,2026,5,19,558,Porto Alegre,Brazil,1332845.0,637325.2018878765,637.3252018878765,Low
-28.29972,-56.59467,2026-05-19,1639,n,71.63,2026,5,19,558,Porto Alegre,Brazil,1332845.0,636756.2870862425,636.7562870862424,Low
-28.29659,-56.59113,2026-05-19,1639,h,90.13,2026,5,19,558,Porto Alegre,Brazil,1332845.0,636524.2177972703,636.5242177972702,Low
-27.36451,-50.6897,2026-05-19,1639,n,72.95,2026,5,19,445,Curitiba,Brazil,1773718.0,287638.3389196183,287.63833891961826,Low
-12.60197,-44.52398,2026-05-19,1643,h,164.29,2026,5,19,342,Salvador,Brazil,2417678.0,672796.0846273822,672.7960846273822,Low
-11.27512,-49.46452,2026-05-19,1643,n,79.44,2026,5,19,685,Goiânia,Brazil,1093007.0,620787.9904736581,620.787990473658,Low
-11.27458,-49.46081,2026-05-19,1643,h,79.44,2026,5,19,685,Goiânia,Brazil,1093007.0,620833.9689791967,620.8339689791967,Low
-10.08953,-46.26577,2026-05-19,1643,h,110.35,2026,5,19,864,Teresina,Brazil,868075.0,680314.6934126735,680.3146934126736,Low
-10.08613,-46.26632,2026-05-19,1643,h,193.53,2026,5,19,864,Teresina,Brazil,868075.0,680031.9448504578,680.0319448504579,Low
-10.08556,-46.26263,2026-05-19,1643,n,59.71,2026,5,19,864,Teresina,Brazil,868075.0,679746.8644678338,679.7468644678338,Low
-10.08216,-46.26318,2026-05-19,1643,h,59.71,2026,5,19,864,Teresina,Brazil,868075.0,679464.1059930796,679.4641059930796,Low
-10.08158,-46.25949,2026-05-19,1643,n,59.71,2026,5,19,864,Teresina,Brazil,868075.0,679178.1084733004,679.1781084733003,Low
-9.97392,-52.41132,2026-05-19,1643,n,66.04,2026,5,19,685,Goiânia,Brazil,1093007.0,844251.3650118507,844.2513650118507,Low
-9.97006,-52.41184,2026-05-19,1643,h,158.57,2026,5,19,685,Goiânia,Brazil,1093007.0,844672.1978092284,844.6721978092285,Low
-9.96687,-52.41722,2026-05-19,1643,n,96.94,2026,5,19,685,Goiânia,Brazil,1093007.0,845249.2429570267,845.2492429570267,Low
-9.9662,-52.41237,2026-05-19,1643,n,158.57,2026,5,19,685,Goiânia,Brazil,1093007.0,845093.5083189565,845.0935083189564,Low
-9.95427,-52.46872,2026-05-19,1643,n,53.68,2026,5,19,685,Goiânia,Brazil,1093007.0,848943.1655312153,848.9431655312153,Low
-9.95229,-52.46724,2026-05-19,1643,n,143.09,2026,5,19,685,Goiânia,Brazil,1093007.0,849076.7624937908,849.0767624937909,Low
-9.95107,-52.47417,2026-05-19,1643,n,53.68,2026,5,19,685,Goiânia,Brazil,1093007.0,849526.8254722316,849.5268254722316,Low
-9.9504,-52.46927,2026-05-19,1643,n,53.68,2026,5,19,685,Goiânia,Brazil,1093007.0,849365.6574873019,849.3656574873019,Low
-8.82415,-47.13587,2026-05-19,1643,n,50.2,2026,5,19,864,Teresina,Brazil,868075.0,637634.5291767943,637.6345291767943,Low
61.34429,112.80096,2026-05-19,1720,h,57.92,2026,5,19,1165,Irkutsk,Russia,623736.0,2081424.416833919,2081.424416833919,Low
61.35073,112.8002,2026-05-19,1720,h,57.92,2026,5,19,1165,Irkutsk,Russia,623736.0,2082716.8270400942,2082.7168270400944,Low
-38.28788,-72.08258,2026-05-19,1817,n,53.02,2026,5,19,1020,Concepción,Chile,719944.0,231626.5850552902,231.6265850552902,Low
-37.9405,-72.32079,2026-05-19,1817,n,91.7,2026,5,19,1020,Concepción,Chile,719944.0,175783.56829772572,175.78356829772574,Low
-37.92142,-72.13417,2026-05-19,1817,n,79.82,2026,5,19,1020,Concepción,Chile,719944.0,184061.47184279817,184.06147184279817,Low
-37.75953,-71.95385,2026-05-19,1817,n,78.48,2026,5,19,1020,Concepción,Chile,719944.0,178639.16268306447,178.63916268306446,Low
-37.75497,-71.94852,2026-05-19,1817,n,78.48,2026,5,19,1020,Concepción,Chile,719944.0,178578.69322395482,178.57869322395482,Low
-37.28892,-73.00366,2026-05-19,1817,n,98.59,2026,5,19,1020,Concepción,Chile,719944.0,64487.67971139469,64.48767971139469,Moderate
-37.28574,-73.01391,2026-05-19,1817,n,110.32,2026,5,19,1020,Concepción,Chile,719944.0,63959.69194622713,63.95969194622713,Moderate
-37.28479,-73.00439,2026-05-19,1817,n,98.59,2026,5,19,1020,Concepción,Chile,719944.0,63905.10105012429,63.905101050124294,Moderate
-32.8023,-55.34986,2026-05-19,1817,n,81.15,2026,5,19,458,Montevideo,Uruguay,1719453.0,296870.9489561917,296.87094895619174,Low
-32.79794,-55.35638,2026-05-19,1817,n,63.16,2026,5,19,458,Montevideo,Uruguay,1719453.0,297193.5758808588,297.1935758808588,Low
-32.79676,-55.35184,2026-05-19,1817,h,81.15,2026,5,19,458,Montevideo,Uruguay,1719453.0,297499.16406381805,297.49916406381806,Low
-29.65037,-59.25565,2026-05-19,1819,n,72.14,2026,5,19,584,Rosario,Argentina,1276000.0,457678.088766552,457.678088766552,Low
-27.9071,-56.11148,2026-05-19,1819,h,131.63,2026,5,19,558,Porto Alegre,Brazil,1332845.0,607007.6069569798,607.0076069569799,Low
-27.64275,-56.19404,2026-05-19,1819,n,72.9,2026,5,19,558,Porto Alegre,Brazil,1332845.0,630579.5348694903,630.5795348694903,Low
-27.64146,-56.18892,2026-05-19,1819,h,72.9,2026,5,19,558,Porto Alegre,Brazil,1332845.0,630158.2925339624,630.1582925339624,Low
-27.64086,-56.18513,2026-05-19,1819,n,69.84,2026,5,19,558,Porto Alegre,Brazil,1332845.0,629825.1245673421,629.8251245673421,Low
-27.61697,-56.16878,2026-05-19,1819,n,114.37,2026,5,19,558,Porto Alegre,Brazil,1332845.0,629689.6998144079,629.6896998144078,Low
-27.61435,-56.15844,2026-05-19,1819,n,81.77,2026,5,19,558,Porto Alegre,Brazil,1332845.0,628845.7719756716,628.8457719756716,Low
-27.60967,-56.16554,2026-05-19,1819,h,114.37,2026,5,19,558,Porto Alegre,Brazil,1332845.0,629822.670748881,629.8226707488809,Low
-27.5344,-55.99847,2026-05-19,1819,h,56.19,2026,5,19,558,Porto Alegre,Brazil,1332845.0,618463.0674569276,618.4630674569277,Low
-26.97862,-60.80274,2026-05-19,1819,n,88.5,2026,5,19,813,Santiago del Estero,Argentina,911506.0,398583.5447104078,398.5835447104078,Low
-26.97825,-60.80352,2026-05-19,1819,n,62.63,2026,5,19,813,Santiago del Estero,Argentina,911506.0,398511.24558481714,398.5112455848171,Low
-26.1806,-61.19777,2026-05-19,1821,n,65.2,2026,5,19,813,Santiago del Estero,Argentina,911506.0,395977.10765271395,395.9771076527139,Low
-26.17981,-61.20051,2026-05-19,1821,n,66.85,2026,5,19,813,Santiago del Estero,Argentina,911506.0,395763.5743197945,395.7635743197945,Low
-26.17714,-61.20453,2026-05-19,1821,n,65.2,2026,5,19,813,Santiago del Estero,Argentina,911506.0,395545.58683282684,395.5455868328268,Low
-26.17632,-61.20729,2026-05-19,1821,n,60.65,2026,5,19,813,Santiago del Estero,Argentina,911506.0,395332.4775074063,395.33247750740634,Low
-26.17594,-61.19901,2026-05-19,1821,n,65.2,2026,5,19,813,Santiago del Estero,Argentina,911506.0,396150.69310464273,396.15069310464276,Low
-26.17515,-61.20176,2026-05-19,1821,n,66.85,2026,5,19,813,Santiago del Estero,Argentina,911506.0,395936.5415393298,395.9365415393298,Low
-13.65688,-73.14411,2026-05-19,1826,n,57.24,2026,5,19,737,Arequipa,Peru,1008290.0,363206.67361312674,363.2066736131267,Low
13.60378,-84.02154,2026-05-19,1832,n,65.27,2026,5,19,710,Managua,Nicaragua,1051236.0,299489.1884268756,299.4891884268756,Low
13.64188,-84.09225,2026-05-19,1832,n,76.0,2026,5,19,710,Managua,Nicaragua,1051236.0,295515.6371366741,295.51563713667406,Low
15.31598,-86.2961,2026-05-19,1834,n,204.72,2026,5,19,649,Tegucigalpa,Honduras,1157509.0,172099.1789392573,172.0991789392573,Low
16.03665,-91.86824,2026-05-19,1834,n,57.96,2026,5,19,1259,Tuxtla,Mexico,578830.0,161927.86442564533,161.92786442564534,Low
16.03922,-91.86642,2026-05-19,1834,n,78.91,2026,5,19,1259,Tuxtla,Mexico,578830.0,161949.38321630665,161.94938321630664,Low
16.04058,-91.86034,2026-05-19,1834,h,71.87,2026,5,19,1259,Tuxtla,Mexico,578830.0,162451.2208017674,162.4512208017674,Low
17.03086,-89.94032,2026-05-19,1834,n,52.53,2026,5,19,1021,San Pedro Sula,Honduras,719064.0,276994.60017880425,276.99460017880426,Low
17.03247,-89.93267,2026-05-19,1834,n,93.99,2026,5,19,1021,San Pedro Sula,Honduras,719064.0,276459.5689809927,276.4595689809927,Low
17.81962,-90.63872,2026-05-19,1834,n,57.67,2026,5,19,1259,Tuxtla,Mexico,578830.0,302591.5639524701,302.5915639524701,Low
17.83928,-93.11796,2026-05-19,1834,n,77.84,2026,5,19,1259,Tuxtla,Mexico,578830.0,126676.79152819725,126.67679152819726,Low
17.8415,-93.11712,2026-05-19,1834,h,92.56,2026,5,19,1259,Tuxtla,Mexico,578830.0,126936.33560003093,126.93633560003093,Low
17.8704,-91.94405,2026-05-19,1834,n,91.39,2026,5,19,1259,Tuxtla,Mexico,578830.0,184452.45718998465,184.45245718998464,Low
18.28975,-91.15331,2026-05-19,1834,h,65.1,2026,5,19,1259,Tuxtla,Mexico,578830.0,282776.6330064341,282.77663300643405,Low
18.35935,-91.70078,2026-05-19,1834,n,59.57,2026,5,19,1259,Tuxtla,Mexico,578830.0,245014.08551581358,245.01408551581358,Low
18.3604,-91.69598,2026-05-19,1834,h,59.57,2026,5,19,1259,Tuxtla,Mexico,578830.0,245452.33611170598,245.452336111706,Low
18.36106,-91.70094,2026-05-19,1834,n,59.33,2026,5,19,1259,Tuxtla,Mexico,578830.0,245156.22395276232,245.1562239527623,Low
18.36213,-91.69616,2026-05-19,1834,h,59.33,2026,5,19,1259,Tuxtla,Mexico,578830.0,245594.64496848898,245.59464496848898,Low
19.82888,-88.94148,2026-05-19,1834,n,50.31,2026,5,19,835,Mérida,Mexico,892363.0,154635.27913780074,154.63527913780075,Low
20.31329,-89.24047,2026-05-19,1834,h,55.25,2026,5,19,835,Mérida,Mexico,892363.0,88292.29796071211,88.2922979607121,Moderate
20.84733,-89.89234,2026-05-19,1836,h,95.42,2026,5,19,835,Mérida,Mexico,892363.0,33820.969705255106,33.8209697052551,High
31.46953,-88.93983,2026-05-19,1838,n,62.56,2026,5,19,808,New Orleans,United States,918752.0,212274.15483391038,212.2741548339104,Low
31.47072,-88.93393,2026-05-19,1838,n,62.56,2026,5,19,808,New Orleans,United States,918752.0,212748.1209209182,212.7481209209182,Low
31.47191,-88.92804,2026-05-19,1838,n,54.72,2026,5,19,808,New Orleans,United States,918752.0,213222.5897195603,213.2225897195603,Low
31.47344,-88.94086,2026-05-19,1838,n,62.56,2026,5,19,808,New Orleans,United States,918752.0,212651.3289642787,212.65132896427872,Low
31.47463,-88.93496,2026-05-19,1838,n,62.56,2026,5,19,808,New Orleans,United States,918752.0,213124.4803622754,213.12448036227542,Low
31.47556,-88.95071,2026-05-19,1838,n,58.2,2026,5,19,808,New Orleans,United States,918752.0,212323.83811740464,212.32383811740465,Low
31.47582,-88.92908,2026-05-19,1838,n,54.72,2026,5,19,808,New Orleans,United States,918752.0,213597.55781503557,213.59755781503557,Low
31.47636,-88.94678,2026-05-19,1838,n,58.2,2026,5,19,808,New Orleans,United States,918752.0,212638.07147388253,212.63807147388255,Low
31.48027,-88.9478,2026-05-19,1838,n,58.2,2026,5,19,808,New Orleans,United States,918752.0,213017.7560265938,213.0177560265938,Low
32.04096,-92.8391,2026-05-19,1838,n,56.68,2026,5,19,1155,Baton Rouge,United States,630063.0,281951.17978121416,281.95117978121414,Low
32.04191,-92.84347,2026-05-19,1838,h,58.83,2026,5,19,1155,Baton Rouge,United States,630063.0,282371.485403663,282.37148540366303,Low
32.04334,-92.83726,2026-05-19,1838,n,58.83,2026,5,19,1155,Baton Rouge,United States,630063.0,282044.0814713934,282.0440814713934,Low
32.04573,-92.84061,2026-05-19,1838,n,56.68,2026,5,19,1155,Baton Rouge,United States,630063.0,282527.25603558944,282.52725603558946,Low
32.04668,-92.84497,2026-05-19,1838,n,58.83,2026,5,19,1155,Baton Rouge,United States,630063.0,282946.5253181535,282.9465253181535,Low
32.0472,-92.83438,2026-05-19,1838,n,56.68,2026,5,19,1155,Baton Rouge,United States,630063.0,282203.54736886156,282.20354736886156,Low
32.04811,-92.83877,2026-05-19,1838,n,58.83,2026,5,19,1155,Baton Rouge,United States,630063.0,282620.55137465807,282.6205513746581,Low
33.59325,-79.12198,2026-05-19,1838,n,60.38,2026,5,19,1008,Charleston,United States,726389.0,139841.95484108303,139.84195484108304,Low
33.59387,-79.11649,2026-05-19,1838,h,60.38,2026,5,19,1008,Charleston,United States,726389.0,140315.64363407658,140.3156436340766,Low
33.5945,-79.111,2026-05-19,1838,h,122.06,2026,5,19,1008,Charleston,United States,726389.0,140791.42291167143,140.79142291167142,Low
33.59512,-79.1055,2026-05-19,1838,n,122.06,2026,5,19,1008,Charleston,United States,726389.0,141268.0718843501,141.2680718843501,Low
33.59702,-79.12259,2026-05-19,1838,h,60.38,2026,5,19,1008,Charleston,United States,726389.0,140168.91275039283,140.16891275039282,Low
33.59764,-79.11711,2026-05-19,1838,n,60.38,2026,5,19,1008,Charleston,United States,726389.0,140640.75440946716,140.64075440946715,Low
33.59889,-79.10612,2026-05-19,1838,n,122.06,2026,5,19,1008,Charleston,United States,726389.0,141590.99923524758,141.59099923524758,Low
16.36474,-90.70439,2026-05-19,2014,h,61.62,2026,5,19,257,Guatemala City,Guatemala,3014000.0,200192.3204958675,200.19232049586748,Low
16.44991,-93.90273,2026-05-19,2014,n,111.72,2026,5,19,1259,Tuxtla,Mexico,578830.0,94309.38777269238,94.30938777269238,Moderate
16.4616,-98.30153,2026-05-19,2014,n,80.17,2026,5,19,1082,Acapulco de Juárez,Mexico,673478.0,182086.42624309292,182.08642624309292,Low
16.48729,-93.65543,2026-05-19,2014,n,72.47,2026,5,19,1259,Tuxtla,Mexico,578830.0,67438.55593380757,67.43855593380756,Moderate
16.49329,-93.65565,2026-05-19,2014,h,72.47,2026,5,19,1259,Tuxtla,Mexico,578830.0,67144.6991221279,67.1446991221279,Moderate
16.86629,-98.79855,2026-05-19,2014,n,69.95,2026,5,19,1082,Acapulco de Juárez,Mexico,673478.0,120665.16775923313,120.66516775923313,Low
17.0626,-98.52263,2026-05-19,2014,n,50.76,2026,5,19,1082,Acapulco de Juárez,Mexico,673478.0,153141.47514966456,153.14147514966456,Low
17.47367,-95.89633,2026-05-19,2017,n,61.63,2026,5,19,486,Puebla,Mexico,1576259.0,313428.74960891576,313.4287496089158,Low
17.70041,-101.41902,2026-05-19,2017,n,164.61,2026,5,19,1082,Acapulco de Juárez,Mexico,673478.0,196911.01382157422,196.91101382157422,Low
19.84717,-105.30428,2026-05-19,2017,n,113.54,2026,5,19,521,Zapopan,Mexico,1476491.0,235767.3069888497,235.76730698884973,Low
19.84772,-105.30064,2026-05-19,2017,n,55.19,2026,5,19,521,Zapopan,Mexico,1476491.0,235374.51947594705,235.37451947594704,Low
20.86633,-104.9426,2026-05-19,2017,n,64.58,2026,5,19,521,Zapopan,Mexico,1476491.0,172643.27751955707,172.64327751955707,Low
20.86687,-104.93887,2026-05-19,2017,n,159.99,2026,5,19,521,Zapopan,Mexico,1476491.0,172236.94517620342,172.23694517620342,Low
25.30182,-107.40711,2026-05-19,2019,h,85.99,2026,5,19,911,Culiacán,Mexico,808416.0,60834.75160628586,60.83475160628586,Moderate
25.3051,-107.40774,2026-05-19,2019,h,85.99,2026,5,19,911,Culiacán,Mexico,808416.0,61240.23580704178,61.240235807041785,Moderate
30.49697,-109.63266,2026-05-19,2019,h,50.66,2026,5,19,877,Hermosillo,Mexico,855563.0,231968.71490649582,231.96871490649582,Low
32.72758,-116.36555,2026-05-19,2019,n,117.57,2026,5,19,414,Tijuana,Mexico,2002000.0,79009.18964287273,79.00918964287274,Moderate
32.73098,-116.36044,2026-05-19,2019,n,64.01,2026,5,19,414,Tijuana,Mexico,2002000.0,79697.18016282258,79.69718016282258,Moderate
32.73283,-116.36209,2026-05-19,2019,n,117.57,2026,5,19,414,Tijuana,Mexico,2002000.0,79608.72596103213,79.60872596103214,Moderate
32.73516,-116.36197,2026-05-19,2019,n,64.01,2026,5,19,414,Tijuana,Mexico,2002000.0,79728.17374263934,79.72817374263934,Moderate
33.59951,-105.34026,2026-05-19,2019,n,78.59,2026,5,19,954,Albuquerque,United States,767499.0,249756.25736947297,249.75625736947296,Low
33.60253,-105.37663,2026-05-19,2019,n,77.39,2026,5,19,954,Albuquerque,United States,767499.0,247089.82363455047,247.08982363455047,Low
33.60311,-105.37173,2026-05-19,2019,n,77.39,2026,5,19,954,Albuquerque,United States,767499.0,247338.7961199245,247.3387961199245,Low
33.60613,-105.37722,2026-05-19,2019,h,77.39,2026,5,19,954,Albuquerque,United States,767499.0,246657.70808845176,246.65770808845176,Low
33.60851,-105.38804,2026-05-19,2019,n,225.61,2026,5,19,954,Albuquerque,United States,767499.0,245708.30696599087,245.70830696599086,Low
33.60914,-105.38274,2026-05-19,2019,h,225.61,2026,5,19,954,Albuquerque,United States,767499.0,245976.08979251535,245.97608979251535,Low
33.61276,-105.38322,2026-05-19,2019,n,225.61,2026,5,19,954,Albuquerque,United States,767499.0,245548.71828903764,245.54871828903765,Low
33.75946,-117.07475,2026-05-19,2019,h,240.29,2026,5,19,365,Riverside,United States,2288508.0,42935.66104498474,42.93566104498474,High
33.76381,-117.07597,2026-05-19,2019,h,136.68,2026,5,19,365,Riverside,United States,2288508.0,42500.05463673146,42.50005463673146,High
33.94334,-120.08057,2026-05-19,2019,h,96.69,2026,5,19,33,Los Angeles,United States,11885717.0,187729.68511342118,187.72968511342117,Low
33.94758,-120.0856,2026-05-19,2019,h,84.66,2026,5,19,33,Los Angeles,United States,11885717.0,188216.97644174512,188.21697644174512,Low
33.96331,-117.50705,2026-05-19,2019,h,130.0,2026,5,19,365,Riverside,United States,2288508.0,12934.75157919561,12.934751579195611,Very High
33.96451,-117.50174,2026-05-19,2019,h,119.56,2026,5,19,365,Riverside,United States,2288508.0,12410.222340934757,12.410222340934757,Very High
33.96571,-117.49641,2026-05-19,2019,n,119.56,2026,5,19,365,Riverside,United States,2288508.0,11892.006974116812,11.892006974116812,Very High
33.9677,-117.50848,2026-05-19,2019,h,130.0,2026,5,19,365,Riverside,United States,2288508.0,13252.997543549754,13.252997543549755,Very High
61.34766,112.81806,2026-05-19,2042,n,97.83,2026,5,19,1165,Irkutsk,Russia,623736.0,2082988.7177758464,2082.9887177758465,Low
33.97869,-120.05451,2026-05-19,2201,h,103.17,2026,5,19,33,Los Angeles,United States,11885717.0,184322.2009876432,184.3222009876432,Low
34.23973,-118.73534,2026-05-19,2201,h,172.53,2026,5,19,33,Los Angeles,United States,11885717.0,40290.618110236166,40.29061811023617,High
34.24474,-118.73463,2026-05-19,2201,h,176.72,2026,5,19,33,Los Angeles,United States,11885717.0,40507.07504390792,40.50707504390792,High
34.2468,-118.73437,2026-05-19,2201,h,172.53,2026,5,19,33,Los Angeles,United States,11885717.0,40602.237716526186,40.60223771652618,High
35.68084,43.87614,2026-05-19,2231,n,58.65,2026,5,19,757,Kirkuk,Iraq,975000.0,65266.23668003511,65.2662366800351,Moderate
35.6848,43.8768,2026-05-19,2231,n,58.65,2026,5,19,757,Kirkuk,Iraq,975000.0,65446.3453851128,65.4463453851128,Moderate
49.24032,135.4706,2026-05-20,310,n,145.26,2026,5,20,1187,Khabarovsk,Russia,615570.0,135159.6166013673,135.1596166013673,Low
49.25296,135.60023,2026-05-20,310,n,69.32,2026,5,20,1187,Khabarovsk,Russia,615570.0,142399.16260458398,142.39916260458398,Low
49.25418,135.60547,2026-05-20,310,n,69.32,2026,5,20,1187,Khabarovsk,Russia,615570.0,142825.91470901188,142.82591470901187,Low
49.25805,135.60341,2026-05-20,310,n,69.32,2026,5,20,1187,Khabarovsk,Russia,615570.0,143336.30481892644,143.33630481892644,Low
50.39846,130.33321,2026-05-20,313,n,54.17,2026,5,20,851,Yichun,China,878881.0,483291.8570724822,483.2918570724822,Low
50.40066,130.341,2026-05-20,313,n,54.17,2026,5,20,851,Yichun,China,878881.0,483951.19212995475,483.95119212995473,Low
50.40254,130.34019,2026-05-20,313,n,72.13,2026,5,20,851,Yichun,China,878881.0,484228.2921314979,484.2282921314979,Low
50.40467,130.3479,2026-05-20,313,n,72.13,2026,5,20,851,Yichun,China,878881.0,484873.78707001527,484.8737870700153,Low
50.4887,130.34782,2026-05-20,313,n,54.52,2026,5,20,851,Yichun,China,878881.0,498679.0445863006,498.6790445863006,Low
50.4896,130.33717,2026-05-20,313,n,83.53,2026,5,20,851,Yichun,China,878881.0,498429.9338603631,498.42993386036306,Low
50.49178,130.34486,2026-05-20,313,n,83.53,2026,5,20,851,Yichun,China,878881.0,499075.9672059838,499.07596720598383,Low
50.49993,130.34958,2026-05-20,313,n,106.12,2026,5,20,851,Yichun,China,878881.0,500595.78445886174,500.5957844588618,Low
50.53432,130.40034,2026-05-20,313,n,60.95,2026,5,20,851,Yichun,China,878881.0,508173.9672218646,508.17396722186464,Low
50.54811,130.354,2026-05-20,313,n,255.23,2026,5,20,851,Yichun,China,878881.0,508713.7132853938,508.7137132853938,Low
50.55013,130.38033,2026-05-20,313,h,318.74,2026,5,20,851,Yichun,China,878881.0,510024.9361862178,510.0249361862178,Low
50.55954,130.33731,2026-05-20,313,n,126.3,2026,5,20,851,Yichun,China,878881.0,509994.002622936,509.99400262293597,Low
50.57263,130.38416,2026-05-20,313,n,55.36,2026,5,20,851,Yichun,China,878881.0,513882.6444028076,513.8826444028076,Low
50.59948,130.38454,2026-05-20,313,n,61.19,2026,5,20,851,Yichun,China,878881.0,518335.8130831539,518.3358130831539,Low
50.60187,130.3739,2026-05-20,313,n,61.19,2026,5,20,851,Yichun,China,878881.0,518340.1641813452,518.3401641813452,Low
50.72739,129.34135,2026-05-20,313,n,51.82,2026,5,20,851,Yichun,China,878881.0,514514.3844068623,514.5143844068623,Low
50.72859,129.34552,2026-05-20,313,h,51.82,2026,5,20,851,Yichun,China,878881.0,514774.6145488654,514.7746145488654,Low
50.73207,129.33821,2026-05-20,313,h,51.82,2026,5,20,851,Yichun,China,878881.0,515294.9452478044,515.2949452478044,Low
50.7345,129.3466,2026-05-20,313,h,50.48,2026,5,20,851,Yichun,China,878881.0,515820.93466863874,515.8209346686388,Low
51.00923,132.32103,2026-05-20,313,n,54.99,2026,5,20,1187,Khabarovsk,Russia,615570.0,532943.1463299154,532.9431463299154,Low
51.01494,132.32449,2026-05-20,313,n,54.99,2026,5,20,1187,Khabarovsk,Russia,615570.0,533546.8423930716,533.5468423930716,Low
51.70531,129.10321,2026-05-20,313,n,57.49,2026,5,20,851,Yichun,China,878881.0,685915.0312839577,685.9150312839577,Low
51.70985,129.0999,2026-05-20,313,n,57.49,2026,5,20,851,Yichun,China,878881.0,686714.3037170828,686.7143037170829,Low
51.71221,129.10812,2026-05-20,313,n,227.13,2026,5,20,851,Yichun,China,878881.0,687176.905005222,687.1769050052219,Low
51.71674,129.10484,2026-05-20,313,n,54.75,2026,5,20,851,Yichun,China,878881.0,687974.3598774757,687.9743598774756,Low
51.71964,129.20107,2026-05-20,313,n,66.17,2026,5,20,851,Yichun,China,878881.0,689035.0677521669,689.0350677521669,Low
51.72128,129.10153,2026-05-20,313,n,54.75,2026,5,20,851,Yichun,China,878881.0,688773.7829850902,688.7737829850902,Low
51.72363,129.1097,2026-05-20,313,n,54.75,2026,5,20,851,Yichun,China,878881.0,689234.5763523414,689.2345763523415,Low
51.7372,129.09973,2026-05-20,313,n,50.58,2026,5,20,851,Yichun,China,878881.0,691624.1482496669,691.6241482496669,Low
51.73952,129.10783,2026-05-20,313,h,103.51,2026,5,20,851,Yichun,China,878881.0,692078.9524564153,692.0789524564153,Low
51.74185,129.11597,2026-05-20,313,h,103.51,2026,5,20,851,Yichun,China,878881.0,692536.8973543145,692.5368973543144,Low
51.74636,129.11264,2026-05-20,313,n,103.51,2026,5,20,851,Yichun,China,878881.0,693330.6783782647,693.3306783782647,Low
51.74855,129.10114,2026-05-20,313,n,50.45,2026,5,20,851,Yichun,China,878881.0,693669.4437306991,693.6694437306992,Low
51.75087,129.10928,2026-05-20,313,h,50.45,2026,5,20,851,Yichun,China,878881.0,694124.6339878825,694.1246339878825,Low
51.75539,129.10594,2026-05-20,313,n,50.45,2026,5,20,851,Yichun,China,878881.0,694920.8021819952,694.9208021819952,Low
52.46602,130.47951,2026-05-20,313,n,58.05,2026,5,20,851,Yichun,China,878881.0,843075.2635237311,843.0752635237311,Low
52.83206,127.01218,2026-05-20,313,h,52.27,2026,5,20,851,Yichun,China,878881.0,913252.0138004879,913.2520138004878,Low
52.83477,127.01038,2026-05-20,313,n,53.71,2026,5,20,851,Yichun,China,878881.0,913783.4721641468,913.7834721641468,Low
52.83614,127.01488,2026-05-20,313,h,53.71,2026,5,20,851,Yichun,China,878881.0,913918.0139526124,913.9180139526125,Low
-41.18807,146.94043,2026-05-20,425,n,60.17,2026,5,20,127,Melbourne,Australia,5031195.0,534352.0560577059,534.3520560577059,Low
-35.9036,137.06726,2026-05-20,427,n,96.18,2026,5,20,545,Adelaide,Australia,1387290.0,216540.75275588574,216.54075275588573,Low
-35.90298,137.07243,2026-05-20,427,n,96.18,2026,5,20,545,Adelaide,Australia,1387290.0,216034.99504751482,216.03499504751483,Low
-35.89997,137.06667,2026-05-20,427,n,96.18,2026,5,20,545,Adelaide,Australia,1387290.0,216285.77158372803,216.28577158372804,Low
-35.89811,137.08215,2026-05-20,427,n,166.72,2026,5,20,545,Adelaide,Australia,1387290.0,214770.55377821735,214.77055377821736,Low
-35.55306,145.75629,2026-05-20,427,n,50.7,2026,5,20,127,Melbourne,Australia,5031195.0,326097.2498940814,326.09724989408136,Low
-34.73598,138.94637,2026-05-20,427,n,51.09,2026,5,20,545,Adelaide,Australia,1387290.0,46490.030602999366,46.49003060299937,High
-34.73381,138.93703,2026-05-20,427,n,56.38,2026,5,20,545,Adelaide,Australia,1387290.0,45799.357630367624,45.79935763036762,High
-34.73321,138.94136,2026-05-20,427,n,51.09,2026,5,20,545,Adelaide,Australia,1387290.0,46241.30384433754,46.241303844337544,High
-34.73261,138.94568,2026-05-20,427,n,51.09,2026,5,20,545,Adelaide,Australia,1387290.0,46683.266614688786,46.68326661468878,High
-28.8383,149.8271,2026-05-20,427,n,66.32,2026,5,20,295,Brisbane,Australia,2706966.0,396127.60787909833,396.1276078790983,Low
-28.83739,149.83095,2026-05-20,427,n,66.32,2026,5,20,295,Brisbane,Australia,2706966.0,395691.5745088496,395.6915745088496,Low
-13.36497,132.20641,2026-05-20,434,n,72.33,2026,5,20,557,Makassar,Indonesia,1338663.0,1700468.009649559,1700.468009649559,Low
-13.07616,131.69424,2026-05-20,434,n,77.12,2026,5,20,557,Makassar,Indonesia,1338663.0,1634675.9430682836,1634.6759430682837,Low
-13.07555,131.69856,2026-05-20,434,n,77.12,2026,5,20,557,Makassar,Indonesia,1338663.0,1635039.9284614497,1635.0399284614498,Low
-13.06585,131.68837,2026-05-20,434,n,74.8,2026,5,20,557,Makassar,Indonesia,1338663.0,1633483.592251784,1633.4835922517839,Low
-13.06282,131.68353,2026-05-20,434,n,74.8,2026,5,20,557,Makassar,Indonesia,1338663.0,1632843.1581907368,1632.8431581907369,Low
-13.06222,131.68785,2026-05-20,434,n,74.8,2026,5,20,557,Makassar,Indonesia,1338663.0,1633207.8941287547,1633.2078941287548,Low
-13.061,131.67004,2026-05-20,434,n,62.94,2026,5,20,557,Makassar,Indonesia,1338663.0,1631473.1410156705,1631.4731410156705,Low
-13.05008,131.66849,2026-05-20,434,n,65.87,2026,5,20,557,Makassar,Indonesia,1338663.0,1630644.9268797871,1630.6449268797871,Low
-12.67945,133.47966,2026-05-20,434,n,113.06,2026,5,20,557,Makassar,Indonesia,1338663.0,1782115.3514836307,1782.1153514836308,Low
50.31394,129.98651,2026-05-20,451,n,59.66,2026,5,20,851,Yichun,China,878881.0,457242.0514697318,457.2420514697318,Low
50.31688,129.99559,2026-05-20,451,n,90.36,2026,5,20,851,Yichun,China,878881.0,458016.88207413495,458.01688207413497,Low
50.31881,129.98587,2026-05-20,451,n,59.66,2026,5,20,851,Yichun,China,878881.0,458037.5980111479,458.03759801114785,Low
50.33558,129.97629,2026-05-20,451,n,115.38,2026,5,20,851,Yichun,China,878881.0,460553.2755658499,460.5532755658499,Low
50.34044,129.97559,2026-05-20,451,n,65.81,2026,5,20,851,Yichun,China,878881.0,461347.0973807957,461.3470973807957,Low
50.34085,129.98399,2026-05-20,451,n,65.81,2026,5,20,851,Yichun,China,878881.0,461672.71212159994,461.67271212159994,Low
50.34531,129.97482,2026-05-20,451,n,65.81,2026,5,20,851,Yichun,China,878881.0,462140.75673427724,462.14075673427726,Low
50.45532,130.38916,2026-05-20,451,n,60.77,2026,5,20,851,Yichun,China,878881.0,494768.9080318747,494.7689080318747,Low
50.46029,130.38866,2026-05-20,451,n,60.77,2026,5,20,851,Yichun,China,878881.0,495564.24327861523,495.5642432786152,Low
50.53528,130.38881,2026-05-20,451,n,177.88,2026,5,20,851,Yichun,China,878881.0,507895.1291718071,507.89512917180707,Low
50.53569,130.39742,2026-05-20,451,n,66.2,2026,5,20,851,Yichun,China,878881.0,508288.5896044308,508.2885896044308,Low
50.53579,130.39026,2026-05-20,451,n,56.19,2026,5,20,851,Yichun,China,878881.0,508033.92740004556,508.03392740004557,Low
50.53611,130.40619,2026-05-20,451,n,66.2,2026,5,20,851,Yichun,China,878881.0,508691.3082250442,508.6913082250442,Low
50.53616,130.3989,2026-05-20,451,h,56.19,2026,5,20,851,Yichun,China,878881.0,508422.1515983122,508.4221515983122,Low
50.54076,130.38963,2026-05-20,451,n,172.27,2026,5,20,851,Yichun,China,878881.0,508829.0558166831,508.8290558166831,Low
50.54108,130.40555,2026-05-20,451,h,66.2,2026,5,20,851,Yichun,China,878881.0,509484.887369417,509.484887369417,Low
50.72249,129.36302,2026-05-20,451,n,86.04,2026,5,20,851,Yichun,China,878881.0,513924.9747028312,513.9249747028312,Low
50.72564,128.82076,2026-05-20,451,n,51.07,2026,5,20,851,Yichun,China,878881.0,511187.89140668313,511.18789140668315,Low
50.72683,129.35457,2026-05-20,451,n,86.04,2026,5,20,851,Yichun,China,878881.0,514577.9065282271,514.5779065282271,Low
50.72726,129.3625,2026-05-20,451,n,86.04,2026,5,20,851,Yichun,China,878881.0,514751.86605930974,514.7518660593097,Low
51.11659,130.36104,2026-05-20,451,n,52.9,2026,5,20,851,Yichun,China,878881.0,604390.6774232422,604.3906774232422,Low
51.12159,130.36052,2026-05-20,451,n,52.9,2026,5,20,851,Yichun,China,878881.0,605225.8068895395,605.2258068895395,Low
51.70824,129.28101,2026-05-20,451,h,107.52,2026,5,20,851,Yichun,China,878881.0,687566.9468522763,687.5669468522764,Low
52.58744,127.12257,2026-05-20,451,h,57.8,2026,5,20,851,Yichun,China,878881.0,866699.2124856397,866.6992124856397,Low
52.73312,126.98285,2026-05-20,451,n,57.02,2026,5,20,851,Yichun,China,878881.0,896257.6634874017,896.2576634874017,Low
52.73359,126.98972,2026-05-20,451,n,57.02,2026,5,20,851,Yichun,China,878881.0,896165.5602100614,896.1655602100614,Low
53.09007,126.82439,2026-05-20,451,n,56.14,2026,5,20,851,Yichun,China,878881.0,964443.6021181121,964.4436021181122,Low
53.09055,126.83137,2026-05-20,451,n,56.14,2026,5,20,851,Yichun,China,878881.0,964349.5838882729,964.3495838882728,Low
53.32862,126.80756,2026-05-20,451,h,156.72,2026,5,20,851,Yichun,China,878881.0,1008038.347129673,1008.038347129673,Low
53.32907,126.81452,2026-05-20,451,n,57.83,2026,5,20,851,Yichun,China,878881.0,1007946.3974147617,1007.9463974147617,Low
53.32954,126.82171,2026-05-20,451,n,57.83,2026,5,20,851,Yichun,China,878881.0,1007852.9660340463,1007.8529660340463,Low
53.33392,126.82107,2026-05-20,451,n,57.83,2026,5,20,851,Yichun,China,878881.0,1008664.7641472277,1008.6647641472277,Low
55.97398,89.95485,2026-05-20,455,h,58.8,2026,5,20,686,Krasnoyarsk,Russia,1092851.0,324798.88765887026,324.7988876588702,Low
55.97926,89.94743,2026-05-20,455,n,58.8,2026,5,20,686,Krasnoyarsk,Russia,1092851.0,325603.96256862103,325.60396256862106,Low
60.4291,96.51372,2026-05-20,455,n,85.21,2026,5,20,686,Krasnoyarsk,Russia,1092851.0,1019758.8046407115,1019.7588046407116,Low
61.34356,112.80631,2026-05-20,455,n,61.44,2026,5,20,1165,Irkutsk,Russia,623736.0,2081545.0768808133,2081.545076880813,Low
61.34676,112.80425,2026-05-20,455,h,61.44,2026,5,20,1165,Irkutsk,Russia,623736.0,2082101.7155500276,2082.1017155500276,Low
-38.04125,-71.99161,2026-05-20,540,h,129.04,2026,5,20,1020,Concepción,Chile,719944.0,206981.0803036975,206.9810803036975,Low
-38.0379,-71.99068,2026-05-20,540,n,129.04,2026,5,20,1020,Concepción,Chile,719944.0,206651.34004352652,206.65134004352652,Low
-38.03709,-71.9953,2026-05-20,540,n,129.04,2026,5,20,1020,Concepción,Chile,719944.0,206263.82924535003,206.26382924535002,Low
-33.80579,122.40141,2026-05-20,610,n,63.4,2026,5,20,388,Perth,Australia,2141834.0,768406.6194450294,768.4066194450294,Low
-33.29648,120.65118,2026-05-20,610,n,224.4,2026,5,20,388,Perth,Australia,2141834.0,562053.5170891043,562.0535170891043,Low
-33.29527,120.65727,2026-05-20,610,h,224.4,2026,5,20,388,Perth,Australia,2141834.0,562646.1832642434,562.6461832642434,Low
-33.29256,120.65003,2026-05-20,610,n,224.4,2026,5,20,388,Perth,Australia,2141834.0,561767.6091407214,561.7676091407213,Low
-33.29138,120.64499,2026-05-20,610,n,69.89,2026,5,20,388,Perth,Australia,2141834.0,561185.6066100283,561.1856066100283,Low
-33.29134,120.65615,2026-05-20,610,h,224.4,2026,5,20,388,Perth,Australia,2141834.0,562363.3269164244,562.3633269164244,Low
-33.29013,120.65108,2026-05-20,610,n,69.89,2026,5,20,388,Perth,Australia,2141834.0,561776.8822793452,561.7768822793452,Low
-33.28862,120.64891,2026-05-20,610,n,334.6,2026,5,20,388,Perth,Australia,2141834.0,561484.4128614921,561.4844128614922,Low
-33.28746,120.64388,2026-05-20,610,n,69.89,2026,5,20,388,Perth,Australia,2141834.0,560904.2831541563,560.9042831541562,Low
-33.2862,120.66114,2026-05-20,610,n,74.35,2026,5,20,388,Perth,Australia,2141834.0,562676.4704365715,562.6764704365715,Low
-33.28498,120.66724,2026-05-20,610,n,74.35,2026,5,20,388,Perth,Australia,2141834.0,563270.85552372,563.27085552372,Low
-33.2847,120.64779,2026-05-20,610,n,334.6,2026,5,20,388,Perth,Australia,2141834.0,561202.4329152885,561.2024329152885,Low
-33.28353,120.64274,2026-05-20,610,n,191.61,2026,5,20,388,Perth,Australia,2141834.0,560619.7506168499,560.6197506168498,Low
-33.28348,120.65392,2026-05-20,610,h,334.6,2026,5,20,388,Perth,Australia,2141834.0,561799.8123875536,561.7998123875536,Low
-33.28228,120.64884,2026-05-20,610,h,191.61,2026,5,20,388,Perth,Australia,2141834.0,561212.6921314356,561.2126921314356,Low
-33.28105,120.6661,2026-05-20,610,n,74.35,2026,5,20,388,Perth,Australia,2141834.0,562987.2445046577,562.9872445046577,Low
-33.27977,120.66102,2026-05-20,610,n,140.81,2026,5,20,388,Perth,Australia,2141834.0,562396.7792424484,562.3967792424484,Low
-33.27961,120.64163,2026-05-20,610,n,191.61,2026,5,20,388,Perth,Australia,2141834.0,560339.1868742781,560.3391868742781,Low
-33.2771,120.65379,2026-05-20,610,n,140.81,2026,5,20,388,Perth,Australia,2141834.0,561521.2767505717,561.5212767505717,Low
-33.27684,120.64551,2026-05-20,610,n,221.87,2026,5,20,388,Perth,Australia,2141834.0,560634.5501051878,560.6345501051878,Low
-33.27584,120.65987,2026-05-20,610,n,140.81,2026,5,20,388,Perth,Australia,2141834.0,562112.4809059267,562.1124809059266,Low
-33.27563,120.65162,2026-05-20,610,n,221.87,2026,5,20,388,Perth,Australia,2141834.0,561230.8306722507,561.2308306722507,Low
-33.08447,116.3841,2026-05-20,610,n,50.2,2026,5,20,388,Perth,Australia,2141834.0,160037.79925698973,160.03779925698973,Low
-33.08181,116.37904,2026-05-20,610,n,50.2,2026,5,20,388,Perth,Australia,2141834.0,159503.7725518179,159.50377255181792,Low
-33.08111,116.38331,2026-05-20,610,n,50.2,2026,5,20,388,Perth,Australia,2141834.0,159590.0955343071,159.5900955343071,Low
-32.19702,116.94598,2026-05-20,610,n,67.2,2026,5,20,388,Perth,Australia,2141834.0,125007.70047855147,125.00770047855147,Low
-17.82775,122.54675,2026-05-20,614,n,78.99,2026,5,20,1091,Denpasar,Indonesia,670210.0,1327312.5902708487,1327.3125902708487,Low
-17.82671,122.55154,2026-05-20,614,n,78.99,2026,5,20,1091,Denpasar,Indonesia,670210.0,1327543.6623429703,1327.5436623429703,Low
-17.82073,122.55006,2026-05-20,614,h,78.99,2026,5,20,1091,Denpasar,Indonesia,670210.0,1326890.4661238426,1326.8904661238425,Low
-17.80667,122.55664,2026-05-20,614,n,83.55,2026,5,20,1091,Denpasar,Indonesia,670210.0,1326043.1411046481,1326.0431411046482,Low
-17.78486,122.54099,2026-05-20,614,h,143.01,2026,5,20,1091,Denpasar,Indonesia,670210.0,1322961.014058098,1322.961014058098,Low
26.629,96.25484,2026-05-20,629,n,59.28,2026,5,20,1176,Tengyue,China,620000.0,318276.09662684554,318.2760966268455,Low
45.77137,74.295,2026-05-20,633,h,51.73,2026,5,20,655,Bishkek,Kyrgyzstan,1145044.0,453092.93014140043,453.0929301414004,Low
61.34616,112.81792,2026-05-20,635,h,122.14,2026,5,20,1165,Irkutsk,Russia,623736.0,2082671.7440871336,2082.6717440871334,Low
16.3544,80.73248,2026-05-20,805,n,59.32,2026,5,20,520,Vijayavāda,India,1476931.0,22252.36796320649,22.25236796320649,Very High
16.35798,80.73194,2026-05-20,805,n,59.32,2026,5,20,520,Vijayavāda,India,1476931.0,21865.069584289216,21.865069584289216,Very High
29.94092,79.17891,2026-05-20,809,n,103.49,2026,5,20,1119,Haldwāni,India,656000.0,99787.19043485148,99.78719043485148,Moderate
30.3636,79.14246,2026-05-20,809,n,67.08,2026,5,20,1261,Dehra Dūn,India,578420.0,123973.02297382592,123.97302297382592,Low
40.31314,62.36967,2026-05-20,811,n,82.82,2026,5,20,1403,Samarkand,Uzbekistan,513572.0,521599.24632782367,521.5992463278237,Low
-16.15963,48.9679,2026-05-20,939,n,186.17,2026,5,20,586,Antananarivo,Madagascar,1275207.0,359057.02503328485,359.05702503328484,Low
35.68365,43.8754,2026-05-20,952,h,91.56,2026,5,20,757,Kirkuk,Iraq,975000.0,65513.49201862701,65.513492018627,Moderate
51.60421,52.92867,2026-05-20,956,n,70.75,2026,5,20,1353,Orenburg,Russia,536862.0,243841.72589650587,243.84172589650586,Low
52.8221,42.07759,2026-05-20,958,h,55.22,2026,5,20,709,Voronezh,Russia,1051995.0,381593.11448358564,381.5931144835856,Low
52.82291,42.0833,2026-05-20,958,n,55.22,2026,5,20,709,Voronezh,Russia,1051995.0,382206.5988073131,382.20659880731307,Low
52.82537,42.07633,2026-05-20,958,n,55.22,2026,5,20,709,Voronezh,Russia,1051995.0,381806.4654974247,381.8064654974247,Low
-29.40041,30.31968,2026-05-20,1115,n,54.68,2026,5,20,890,Pietermaritzburg,South Africa,839327.0,28558.187280397895,28.558187280397895,High
-28.99889,30.59151,2026-05-20,1115,n,89.9,2026,5,20,890,Pietermaritzburg,South Africa,839327.0,82205.14723850324,82.20514723850324,Moderate
-27.27002,30.74633,2026-05-20,1115,n,55.59,2026,5,20,1416,Newcastle,South Africa,507710.0,108518.66152414128,108.51866152414128,Low
-26.90725,30.33338,2026-05-20,1115,h,81.37,2026,5,20,1416,Newcastle,South Africa,507710.0,114214.21679617777,114.21421679617778,Low
-26.90678,30.33785,2026-05-20,1115,n,81.37,2026,5,20,1416,Newcastle,South Africa,507710.0,114463.33536186437,114.46333536186438,Low
-26.90295,30.33289,2026-05-20,1115,n,81.37,2026,5,20,1416,Newcastle,South Africa,507710.0,114687.38856245884,114.68738856245885,Low
-26.00492,30.27127,2026-05-20,1115,h,361.86,2026,5,20,1416,Newcastle,South Africa,507710.0,220589.4584232014,220.5894584232014,Low
-23.28481,21.38616,2026-05-20,1117,n,74.56,2026,5,20,1314,Rustenburg,South Africa,549575.0,714101.0855406016,714.1010855406016,Low
-23.28432,21.39352,2026-05-20,1117,h,74.56,2026,5,20,1314,Rustenburg,South Africa,549575.0,713377.4073699648,713.3774073699648,Low
-23.28152,21.3915,2026-05-20,1117,h,65.51,2026,5,20,1314,Rustenburg,South Africa,549575.0,713721.3055634788,713.7213055634788,Low
-23.27442,21.39108,2026-05-20,1117,n,65.51,2026,5,20,1314,Rustenburg,South Africa,549575.0,714116.1079097032,714.1161079097031,Low
-16.47503,46.5942,2026-05-20,1117,n,55.81,2026,5,20,586,Antananarivo,Madagascar,1275207.0,302821.50541154854,302.8215054115485,Low
-16.46763,46.5982,2026-05-20,1117,h,74.56,2026,5,20,586,Antananarivo,Madagascar,1275207.0,303477.1461599207,303.4771461599207,Low
-14.52762,26.28686,2026-05-20,1119,n,66.25,2026,5,20,452,Lusaka,Zambia,1747152.0,244720.34107850157,244.72034107850158,Low
-14.52697,26.2921,2026-05-20,1119,n,130.3,2026,5,20,452,Lusaka,Zambia,1747152.0,244222.09668803518,244.22209668803518,Low
-14.51273,26.29035,2026-05-20,1119,n,53.5,2026,5,20,452,Lusaka,Zambia,1747152.0,245090.35984279605,245.09035984279606,Low
-14.47913,28.02777,2026-05-20,1119,n,66.62,2026,5,20,452,Lusaka,Zambia,1747152.0,111709.04608581065,111.70904608581066,Low
-14.35416,26.19434,2026-05-20,1119,n,74.7,2026,5,20,452,Lusaka,Zambia,1747152.0,262783.6058729708,262.7836058729708,Low
-14.35,26.18854,2026-05-20,1119,n,74.7,2026,5,20,452,Lusaka,Zambia,1747152.0,263577.614618854,263.577614618854,Low
-14.3498,26.18579,2026-05-20,1119,n,62.38,2026,5,20,452,Lusaka,Zambia,1747152.0,263859.1882604548,263.8591882604548,Low
-14.34938,26.19377,2026-05-20,1119,n,74.7,2026,5,20,452,Lusaka,Zambia,1747152.0,263095.96226045006,263.09596226045005,Low
-13.34015,21.52886,2026-05-20,1119,h,61.03,2026,5,20,1407,Cuito,Angola,512706.0,523112.65971315635,523.1126597131563,Low
-10.21292,26.99975,2026-05-20,1121,n,61.43,2026,5,20,443,Lubumbashi,Congo (Kinshasa),1786397.0,173050.25917404107,173.05025917404106,Low
-9.88651,27.20844,2026-05-20,1121,h,152.85,2026,5,20,443,Lubumbashi,Congo (Kinshasa),1786397.0,203753.94215615033,203.75394215615032,Low
-9.36514,24.47833,2026-05-20,1121,n,113.16,2026,5,20,1271,Kabinda,Congo (Kinshasa),572000.0,363501.9922949135,363.5019922949135,Low
-9.36438,24.48413,2026-05-20,1121,h,55.15,2026,5,20,1271,Kabinda,Congo (Kinshasa),572000.0,363416.4899728565,363.4164899728565,Low
-9.07219,22.69593,2026-05-20,1121,h,58.93,2026,5,20,271,Mbuji-Mayi,Congo (Kinshasa),2892000.0,343307.62871521816,343.3076287152182,Low
-8.90869,25.01289,2026-05-20,1121,n,61.24,2026,5,20,1271,Kabinda,Congo (Kinshasa),572000.0,317625.703909373,317.62570390937304,Low
-8.65072,25.00672,2026-05-20,1121,n,51.91,2026,5,20,1271,Kabinda,Congo (Kinshasa),572000.0,288990.178919949,288.99017891994896,Low
-8.63134,24.7539,2026-05-20,1121,n,55.87,2026,5,20,1271,Kabinda,Congo (Kinshasa),572000.0,282447.83327515965,282.44783327515967,Low
-8.51208,24.16985,2026-05-20,1121,h,69.11,2026,5,20,1271,Kabinda,Congo (Kinshasa),572000.0,269591.29400073393,269.5912940007339,Low
-8.51199,24.16847,2026-05-20,1121,n,62.93,2026,5,20,1271,Kabinda,Congo (Kinshasa),572000.0,269600.9646253204,269.6009646253204,Low
-8.3871,24.45575,2026-05-20,1121,n,80.1,2026,5,20,1271,Kabinda,Congo (Kinshasa),572000.0,253320.34926718252,253.32034926718254,Low
-8.37992,24.47206,2026-05-20,1121,n,92.74,2026,5,20,1271,Kabinda,Congo (Kinshasa),572000.0,252499.6053631991,252.49960536319912,Low
-8.06216,23.9817,2026-05-20,1121,n,53.18,2026,5,20,271,Mbuji-Mayi,Congo (Kinshasa),2892000.0,218686.29112248728,218.6862911224873,Low
-7.73303,24.30385,2026-05-20,1121,n,89.35,2026,5,20,1271,Kabinda,Congo (Kinshasa),572000.0,180834.68023396443,180.83468023396443,Low
-7.73163,24.30123,2026-05-20,1121,n,82.23,2026,5,20,1271,Kabinda,Congo (Kinshasa),572000.0,180710.2170707722,180.7102170707722,Low
-7.56651,24.9292,2026-05-20,1121,n,61.2,2026,5,20,1271,Kabinda,Congo (Kinshasa),572000.0,168648.76426669533,168.64876426669534,Low
-7.50363,25.32272,2026-05-20,1121,n,90.65,2026,5,20,1271,Kabinda,Congo (Kinshasa),572000.0,180327.0520357108,180.3270520357108,Low
-7.49511,25.31665,2026-05-20,1121,n,128.54,2026,5,20,1271,Kabinda,Congo (Kinshasa),572000.0,179158.5629820974,179.1585629820974,Low
-7.48034,22.53165,2026-05-20,1121,h,51.81,2026,5,20,419,Kananga,Congo (Kinshasa),1971704.0,177709.76654522313,177.70976654522312,Low
-7.39841,24.12441,2026-05-20,1121,n,71.64,2026,5,20,1271,Kabinda,Congo (Kinshasa),572000.0,147598.49620328302,147.59849620328302,Low
-7.39764,24.13002,2026-05-20,1121,n,71.64,2026,5,20,1271,Kabinda,Congo (Kinshasa),572000.0,147348.8786548175,147.3488786548175,Low
-7.30791,25.07428,2026-05-20,1121,n,138.73,2026,5,20,1271,Kabinda,Congo (Kinshasa),572000.0,147679.81498207967,147.67981498207968,Low
-7.30326,25.07364,2026-05-20,1121,n,63.84,2026,5,20,1271,Kabinda,Congo (Kinshasa),572000.0,147181.41727769625,147.18141727769626,Low
-7.29863,25.07288,2026-05-20,1121,n,63.84,2026,5,20,1271,Kabinda,Congo (Kinshasa),572000.0,146679.21559783127,146.67921559783127,Low
-7.17838,25.03676,2026-05-20,1121,n,59.62,2026,5,20,1271,Kabinda,Congo (Kinshasa),572000.0,132842.59864927258,132.8425986492726,Low
-7.00978,24.42426,2026-05-20,1121,h,78.4,2026,5,20,1271,Kabinda,Congo (Kinshasa),572000.0,98780.13125836437,98.78013125836438,Moderate
-7.00494,24.42359,2026-05-20,1121,n,78.4,2026,5,20,1271,Kabinda,Congo (Kinshasa),572000.0,98243.10720715653,98.24310720715653,Moderate
-6.53525,24.94632,2026-05-20,1121,n,81.16,2026,5,20,1271,Kabinda,Congo (Kinshasa),572000.0,68955.68481722774,68.95568481722773,Moderate
-6.53455,24.95124,2026-05-20,1121,n,81.16,2026,5,20,1271,Kabinda,Congo (Kinshasa),572000.0,69317.63452838728,69.31763452838727,Moderate
-6.52992,24.95055,2026-05-20,1121,n,81.16,2026,5,20,1271,Kabinda,Congo (Kinshasa),572000.0,68921.24750115882,68.92124750115883,Moderate
-6.19922,25.47221,2026-05-20,1121,n,62.58,2026,5,20,1271,Kabinda,Congo (Kinshasa),572000.0,110723.89613905102,110.72389613905102,Low
-5.82226,25.08451,2026-05-20,1121,n,88.44,2026,5,20,1271,Kabinda,Congo (Kinshasa),572000.0,75596.86042525654,75.59686042525654,Moderate
-5.81835,25.0793,2026-05-20,1121,n,88.44,2026,5,20,1271,Kabinda,Congo (Kinshasa),572000.0,75282.77291033136,75.28277291033136,Moderate
-5.81771,25.08386,2026-05-20,1121,n,88.44,2026,5,20,1271,Kabinda,Congo (Kinshasa),572000.0,75765.98734024071,75.76598734024071,Moderate
-5.70203,29.01786,2026-05-20,1121,n,53.23,2026,5,20,1009,Uvira,Congo (Kinshasa),726000.0,257509.32208913338,257.5093220891334,Low
-5.55311,25.33558,2026-05-20,1121,n,52.65,2026,5,20,1271,Kabinda,Congo (Kinshasa),572000.0,115058.5676865571,115.0585676865571,Low
-5.54881,25.34002,2026-05-20,1121,n,68.33,2026,5,20,1271,Kabinda,Congo (Kinshasa),572000.0,115737.59552941145,115.73759552941145,Low
-5.40484,28.87366,2026-05-20,1121,n,62.03,2026,5,20,1009,Uvira,Congo (Kinshasa),726000.0,225953.56923210007,225.95356923210008,Low
7.02934,30.15444,2026-05-20,1125,n,113.1,2026,5,20,828,Bunia,Congo (Kinshasa),900666.0,610139.7159582943,610.1397159582943,Low
7.08551,30.14235,2026-05-20,1125,n,59.98,2026,5,20,828,Bunia,Congo (Kinshasa),900666.0,616464.0138251522,616.4640138251522,Low
7.08657,30.14943,2026-05-20,1125,n,73.12,2026,5,20,828,Bunia,Congo (Kinshasa),900666.0,616568.0839040992,616.5680839040992,Low
10.1548,32.32834,2026-05-20,1125,n,70.52,2026,5,20,61,Khartoum,Sudan,7869000.0,622803.2643636753,622.8032643636752,Low
10.15793,32.32315,2026-05-20,1125,n,56.5,2026,5,20,61,Khartoum,Sudan,7869000.0,622470.2525123736,622.4702525123736,Low
10.1617,32.3226,2026-05-20,1125,n,56.5,2026,5,20,61,Khartoum,Sudan,7869000.0,622046.4058132382,622.0464058132383,Low
15.11374,28.1894,2026-05-20,1128,h,98.72,2026,5,20,283,Omdurman,Sudan,2805396.0,480251.13213813404,480.25113213813404,Low
-2.80299,10.21751,2026-05-20,1304,n,54.24,2026,5,20,539,Pointe-Noire,Congo (Brazzaville),1420612.0,287325.7706226907,287.3257706226907,Low
11.23527,-0.05856,2026-05-20,1308,h,217.06,2026,5,20,254,Ouagadougou,Burkina Faso,3063271.0,208210.4742026621,208.21047420266208,Low
7.88184,-12.70331,2026-05-20,1448,h,78.41,2026,5,20,776,Freetown,Sierra Leone,951000.0,89742.75728437923,89.74275728437922,Moderate
7.88389,-12.70274,2026-05-20,1448,h,64.75,2026,5,20,776,Freetown,Sierra Leone,951000.0,89611.02806439479,89.61102806439479,Moderate
8.02383,-12.76881,2026-05-20,1448,n,81.93,2026,5,20,776,Freetown,Sierra Leone,951000.0,73092.1776464018,73.09217764640181,Moderate
9.82189,-12.69822,2026-05-20,1450,h,54.37,2026,5,20,469,Conakry,Guinea,1667864.0,118269.6586121571,118.2696586121571,Low
9.87821,-13.19867,2026-05-20,1450,n,53.57,2026,5,20,469,Conakry,Guinea,1667864.0,70743.10090122384,70.74310090122384,Moderate
9.87861,-13.19543,2026-05-20,1450,h,53.57,2026,5,20,469,Conakry,Guinea,1667864.0,71061.39714691856,71.06139714691857,Moderate
9.96906,-11.78485,2026-05-20,1450,n,52.81,2026,5,20,469,Conakry,Guinea,1667864.0,220749.1100968327,220.7491100968327,Low
9.96955,-11.78093,2026-05-20,1450,h,85.5,2026,5,20,469,Conakry,Guinea,1667864.0,221186.2678444725,221.1862678444725,Low
10.06836,-13.17048,2026-05-20,1450,n,80.6,2026,5,20,469,Conakry,Guinea,1667864.0,87329.40010456964,87.32940010456963,Moderate
10.07,-13.17285,2026-05-20,1450,h,63.06,2026,5,20,469,Conakry,Guinea,1667864.0,87281.91474924581,87.28191474924581,Moderate
10.14117,-13.15413,2026-05-20,1450,n,84.79,2026,5,20,469,Conakry,Guinea,1667864.0,94641.93731212008,94.64193731212008,Moderate
10.14567,-13.03202,2026-05-20,1450,n,55.93,2026,5,20,469,Conakry,Guinea,1667864.0,104420.93403136842,104.42093403136842,Low
10.14609,-13.0287,2026-05-20,1450,h,55.93,2026,5,20,469,Conakry,Guinea,1667864.0,104721.86179119606,104.72186179119606,Low
10.20928,-13.82722,2026-05-20,1450,n,125.65,2026,5,20,469,Conakry,Guinea,1667864.0,80130.85546577927,80.13085546577928,Moderate
10.2101,-13.82102,2026-05-20,1450,h,58.56,2026,5,20,469,Conakry,Guinea,1667864.0,80115.1560576947,80.11515605769469,Moderate
10.21051,-13.81794,2026-05-20,1450,n,58.56,2026,5,20,469,Conakry,Guinea,1667864.0,80109.9025287655,80.10990252876549,Moderate
10.21274,-13.82115,2026-05-20,1450,h,55.29,2026,5,20,469,Conakry,Guinea,1667864.0,80412.53022747747,80.41253022747748,Moderate
10.21312,-13.81806,2026-05-20,1450,n,55.29,2026,5,20,469,Conakry,Guinea,1667864.0,80403.88716322623,80.40388716322623,Moderate
10.21441,-13.82793,2026-05-20,1450,n,125.65,2026,5,20,469,Conakry,Guinea,1667864.0,80716.29128571069,80.71629128571068,Moderate
10.21482,-13.82482,2026-05-20,1450,h,125.65,2026,5,20,469,Conakry,Guinea,1667864.0,80707.57107238207,80.70757107238207,Moderate
10.21523,-13.82171,2026-05-20,1450,n,58.56,2026,5,20,469,Conakry,Guinea,1667864.0,80700.36185042365,80.70036185042365,Moderate
10.21564,-13.81862,2026-05-20,1450,n,58.56,2026,5,20,469,Conakry,Guinea,1667864.0,80694.99084531864,80.69499084531864,Moderate
10.21748,-13.82498,2026-05-20,1450,n,171.41,2026,5,20,469,Conakry,Guinea,1667864.0,81007.57094693686,81.00757094693687,Moderate
10.21787,-13.82184,2026-05-20,1450,n,55.29,2026,5,20,469,Conakry,Guinea,1667864.0,80997.74523475382,80.99774523475382,Moderate
11.0458,-14.80905,2026-05-20,1450,n,211.81,2026,5,20,469,Conakry,Guinea,1667864.0,212442.5882914534,212.4425882914534,Low
11.17824,-11.80973,2026-05-20,1450,n,141.65,2026,5,20,469,Conakry,Guinea,1667864.0,283768.7384016744,283.7687384016744,Low
11.1793,-11.80091,2026-05-20,1450,h,72.44,2026,5,20,469,Conakry,Guinea,1667864.0,284582.1184803041,284.5821184803041,Low
11.3726,-13.86447,2026-05-20,1450,h,82.47,2026,5,20,469,Conakry,Guinea,1667864.0,211615.06499418314,211.61506499418314,Low
11.37298,-13.8615,2026-05-20,1450,n,82.47,2026,5,20,469,Conakry,Guinea,1667864.0,211631.85401812213,211.63185401812214,Low
11.37382,-13.8661,2026-05-20,1450,h,196.01,2026,5,20,469,Conakry,Guinea,1667864.0,211767.7523607819,211.76775236078188,Low
11.37418,-13.86313,2026-05-20,1450,h,196.01,2026,5,20,469,Conakry,Guinea,1667864.0,211782.0105899575,211.7820105899575,Low
11.37778,-13.86527,2026-05-20,1450,h,82.47,2026,5,20,469,Conakry,Guinea,1667864.0,212208.5014870239,212.2085014870239,Low
11.37816,-13.86235,2026-05-20,1450,h,82.47,2026,5,20,469,Conakry,Guinea,1667864.0,212225.6634943733,212.2256634943733,Low
11.37902,-13.86685,2026-05-20,1450,h,196.01,2026,5,20,469,Conakry,Guinea,1667864.0,212363.0367361768,212.36303673617678,Low
11.37937,-13.86391,2026-05-20,1450,h,196.01,2026,5,20,469,Conakry,Guinea,1667864.0,212376.37303959313,212.37637303959315,Low
11.51321,-15.58212,2026-05-20,1450,n,57.59,2026,5,20,469,Conakry,Guinea,1667864.0,307921.96010634344,307.9219601063434,Low
11.52903,-14.52072,2026-05-20,1450,h,50.7,2026,5,20,469,Conakry,Guinea,1667864.0,245775.38326695084,245.77538326695085,Low
11.56295,-14.05145,2026-05-20,1450,n,82.35,2026,5,20,469,Conakry,Guinea,1667864.0,235602.81033659476,235.60281033659476,Low
11.56409,-14.04252,2026-05-20,1450,h,74.32,2026,5,20,469,Conakry,Guinea,1667864.0,235573.45663404313,235.57345663404314,Low
11.56612,-14.04601,2026-05-20,1450,n,56.14,2026,5,20,469,Conakry,Guinea,1667864.0,235862.1896209019,235.8621896209019,Low
11.56648,-14.043,2026-05-20,1450,n,56.14,2026,5,20,469,Conakry,Guinea,1667864.0,235850.03588849123,235.85003588849122,Low
11.56883,-14.04638,2026-05-20,1450,n,74.32,2026,5,20,469,Conakry,Guinea,1667864.0,236172.76335141336,236.17276335141335,Low
11.56922,-14.04334,2026-05-20,1450,n,74.32,2026,5,20,469,Conakry,Guinea,1667864.0,236163.46665023314,236.16346665023315,Low
11.63945,-15.00955,2026-05-20,1450,n,219.29,2026,5,20,469,Conakry,Guinea,1667864.0,281173.9121121272,281.1739121121272,Low
11.64224,-14.98789,2026-05-20,1450,n,53.21,2026,5,20,469,Conakry,Guinea,1667864.0,280216.41414562805,280.21641414562805,Low
11.64293,-14.98252,2026-05-20,1450,n,53.21,2026,5,20,469,Conakry,Guinea,1667864.0,279981.6234526139,279.98162345261386,Low
11.89356,-15.75253,2026-05-20,1450,n,91.16,2026,5,20,1368,Touba,Senegal,529176.0,340556.59958268405,340.55659958268404,Low
11.89875,-15.75038,2026-05-20,1450,n,136.81,2026,5,20,1368,Touba,Senegal,529176.0,339977.0436778195,339.9770436778195,Low
11.89877,-15.74827,2026-05-20,1450,n,59.41,2026,5,20,1368,Touba,Senegal,529176.0,339985.0743074922,339.9850743074922,Low
13.20529,-10.77919,2026-05-20,1450,n,53.27,2026,5,20,167,Bamako,Mali,4227569.0,316758.87287691364,316.75887287691364,Low
13.20586,-10.77365,2026-05-20,1450,h,53.27,2026,5,20,167,Bamako,Mali,4227569.0,316168.0467431051,316.1680467431051,Low
13.21179,-10.77988,2026-05-20,1450,n,53.27,2026,5,20,167,Bamako,Mali,4227569.0,316984.8426760755,316.9848426760755,Low
13.21236,-10.77433,2026-05-20,1450,n,53.27,2026,5,20,167,Bamako,Mali,4227569.0,316393.35258923454,316.39335258923455,Low
-19.18765,145.89665,2026-05-20,1541,h,55.44,2026,5,20,295,Brisbane,Australia,2706966.0,1280722.7341147133,1280.7227341147134,Low
-19.18705,145.89236,2026-05-20,1541,n,55.44,2026,5,20,295,Brisbane,Australia,2706966.0,1281074.2928518953,1281.0742928518953,Low
-19.18407,145.89722,2026-05-20,1541,n,55.44,2026,5,20,295,Brisbane,Australia,2706966.0,1281014.5580028559,1281.014558002856,Low
-19.18347,145.8929,2026-05-20,1541,n,55.44,2026,5,20,295,Brisbane,Australia,2706966.0,1281368.1052274136,1281.3681052274135,Low
-15.59336,-42.64754,2026-05-20,1624,n,81.66,2026,5,20,115,Belo Horizonte,Brazil,5328000.0,526919.5715586741,526.9195715586741,Low
-15.59283,-42.64395,2026-05-20,1624,h,81.66,2026,5,20,115,Belo Horizonte,Brazil,5328000.0,527087.9006479804,527.0879006479804,Low
-12.13922,-53.33002,2026-05-20,1626,h,87.47,2026,5,20,685,Goiânia,Brazil,1093007.0,691554.1441118685,691.5541441118685,Low
-12.1339,-53.33481,2026-05-20,1626,n,57.46,2026,5,20,685,Goiânia,Brazil,1093007.0,692361.137905414,692.361137905414,Low
-11.27419,-49.46324,2026-05-20,1626,n,92.65,2026,5,20,685,Goiânia,Brazil,1093007.0,620888.1808767805,620.8881808767806,Low
-11.27375,-49.4569,2026-05-20,1626,n,100.15,2026,5,20,685,Goiânia,Brazil,1093007.0,620912.3205484555,620.9123205484555,Low
-11.26993,-49.46189,2026-05-20,1626,n,100.15,2026,5,20,685,Goiânia,Brazil,1093007.0,621365.8465332853,621.3658465332853,Low
-11.2692,-49.45945,2026-05-20,1626,n,92.65,2026,5,20,685,Goiânia,Brazil,1093007.0,621438.7124485492,621.4387124485493,Low
-11.07647,-46.55723,2026-05-20,1626,h,166.64,2026,5,20,685,Goiânia,Brazil,1093007.0,709646.6714699446,709.6466714699446,Low
-11.0728,-46.55775,2026-05-20,1626,n,166.64,2026,5,20,685,Goiânia,Brazil,1093007.0,709999.3365901624,709.9993365901623,Low
-10.6546,-42.30709,2026-05-20,1626,n,55.79,2026,5,20,342,Salvador,Brazil,2417678.0,500430.06777856627,500.4300677785663,Low
-10.64354,-42.30159,2026-05-20,1626,n,57.82,2026,5,20,342,Salvador,Brazil,2417678.0,500575.5016943308,500.5755016943308,Low
-38.26731,-73.0838,2026-05-20,1800,h,52.26,2026,5,20,1020,Concepción,Chile,719944.0,202102.00358090975,202.10200358090975,Low
-38.04575,-71.99501,2026-05-20,1800,n,55.94,2026,5,20,1020,Concepción,Chile,719944.0,207289.0818897645,207.2890818897645,Low
-38.04277,-71.98479,2026-05-20,1800,h,57.24,2026,5,20,1020,Concepción,Chile,719944.0,207590.94632946275,207.59094632946275,Low
-38.04064,-71.99592,2026-05-20,1800,n,55.94,2026,5,20,1020,Concepción,Chile,719944.0,206637.0550404284,206.63705504042838,Low
-38.0379,-71.98934,2026-05-20,1800,n,57.24,2026,5,20,1020,Concepción,Chile,719944.0,206736.60967676176,206.73660967676176,Low
-38.03763,-71.98525,2026-05-20,1800,h,57.24,2026,5,20,1020,Concepción,Chile,719944.0,206966.05563284026,206.96605563284027,Low
-38.03392,-72.00694,2026-05-20,1800,n,98.11,2026,5,20,1020,Concepción,Chile,719944.0,205158.74816080913,205.15874816080913,Low
-35.55641,-71.50947,2026-05-20,1800,n,111.6,2026,5,20,1020,Concepción,Chile,719944.0,245436.8175043064,245.43681750430642,Low
-32.67539,-58.24415,2026-05-20,1800,n,72.37,2026,5,20,19,Buenos Aires,Argentina,16710000.0,258297.61657407376,258.29761657407374,Low
-30.71209,-60.19636,2026-05-20,1802,h,70.68,2026,5,20,584,Rosario,Argentina,1276000.0,298353.9677363155,298.3539677363155,Low
-30.70856,-60.19722,2026-05-20,1802,n,70.68,2026,5,20,584,Rosario,Argentina,1276000.0,298788.95804054505,298.788958040545,Low
-28.76699,-57.62598,2026-05-20,1802,n,61.94,2026,5,20,584,Rosario,Argentina,1276000.0,638807.2341271589,638.8072341271588,Low
-28.76285,-57.62706,2026-05-20,1802,n,61.94,2026,5,20,584,Rosario,Argentina,1276000.0,639191.6300564525,639.1916300564525,Low
-28.50947,-51.24698,2026-05-20,1802,n,81.64,2026,5,20,558,Porto Alegre,Brazil,1332845.0,194416.38812981822,194.41638812981822,Low
-28.50815,-51.24175,2026-05-20,1802,h,84.59,2026,5,20,558,Porto Alegre,Brazil,1332845.0,194578.81355038474,194.57881355038475,Low
-27.88422,-56.12507,2026-05-20,1802,n,69.67,2026,5,20,558,Porto Alegre,Brazil,1332845.0,609649.1401460897,609.6491401460897,Low
-27.63718,-56.1931,2026-05-20,1802,n,59.7,2026,5,20,558,Porto Alegre,Brazil,1332845.0,630825.3492772789,630.8253492772789,Low
-26.18307,-61.19687,2026-05-20,1802,n,78.43,2026,5,20,813,Santiago del Estero,Argentina,911506.0,395908.7504894813,395.9087504894813,Low
-26.17947,-61.19766,2026-05-20,1802,h,92.56,2026,5,20,813,Santiago del Estero,Argentina,911506.0,396058.56204220786,396.0585620422079,Low
-26.1767,-61.20306,2026-05-20,1802,n,92.56,2026,5,20,813,Santiago del Estero,Argentina,911506.0,395714.2975306889,395.71429753068895,Low
-26.17588,-61.19846,2026-05-20,1802,n,92.56,2026,5,20,813,Santiago del Estero,Argentina,911506.0,396207.2445182988,396.20724451829875,Low
15.51435,-85.8922,2026-05-20,1813,n,73.55,2026,5,20,649,Tegucigalpa,Honduras,1157509.0,218252.9633028804,218.2529633028804,Low
19.83218,-90.26505,2026-05-20,1815,n,68.94,2026,5,20,835,Mérida,Mexico,892363.0,152859.2882539375,152.8592882539375,Low
34.1328,-78.61941,2026-05-20,1819,h,108.76,2026,5,20,654,Raleigh,United States,1150010.0,230951.3216984933,230.9513216984933,Low
34.92495,-76.38949,2026-05-20,1819,h,69.0,2026,5,20,535,Virginia Beach,United States,1431821.0,251307.10189320656,251.30710189320655,Low
34.92554,-76.38474,2026-05-20,1819,n,69.0,2026,5,20,535,Virginia Beach,United States,1431821.0,251147.42192406813,251.14742192406814,Low
34.92725,-76.39965,2026-05-20,1819,n,77.62,2026,5,20,535,Virginia Beach,United States,1431821.0,251174.55472645507,251.17455472645506,Low
34.92844,-76.39015,2026-05-20,1819,n,69.0,2026,5,20,535,Virginia Beach,United States,1431821.0,250850.14933897706,250.85014933897708,Low
53.35048,-105.42669,2026-05-20,1826,n,51.78,2026,5,20,653,Edmonton,Canada,1151635.0,898294.8578473091,898.2948578473091,Low
53.35257,-105.42059,2026-05-20,1826,h,51.78,2026,5,20,653,Edmonton,Canada,1151635.0,898958.5905844632,898.9585905844632,Low
53.35319,-105.41973,2026-05-20,1826,h,70.66,2026,5,20,653,Edmonton,Canada,1151635.0,899049.8935758736,899.0498935758736,Low
53.35561,-105.4315,2026-05-20,1826,n,51.78,2026,5,20,653,Edmonton,Canada,1151635.0,897723.6802895603,897.7236802895603,Low
53.3577,-105.42541,2026-05-20,1826,h,51.78,2026,5,20,653,Edmonton,Canada,1151635.0,898386.7312255083,898.3867312255082,Low
53.35833,-105.42451,2026-05-20,1826,h,70.66,2026,5,20,653,Edmonton,Canada,1151635.0,898482.5392533011,898.4825392533011,Low
-38.55757,-72.13019,2026-05-20,1940,n,60.62,2026,5,20,1020,Concepción,Chile,719944.0,264034.98085130384,264.0349808513038,Low
-37.81628,-72.13755,2026-05-20,1940,n,67.9,2026,5,20,1020,Concepción,Chile,719944.0,171699.2632541464,171.69926325414642,Low
-35.97824,-72.60599,2026-05-20,1940,h,51.28,2026,5,20,1020,Concepción,Chile,719944.0,127587.89983873154,127.58789983873153,Low
15.40499,-85.9754,2026-05-20,1955,h,62.7,2026,5,20,649,Tegucigalpa,Honduras,1157509.0,202674.98656261453,202.67498656261452,Low
16.36926,-98.3364,2026-05-20,1955,n,81.3,2026,5,20,1082,Acapulco de Juárez,Mexico,673478.0,181439.24088805853,181.43924088805852,Low
16.4186,-98.30563,2026-05-20,1955,n,133.53,2026,5,20,1082,Acapulco de Juárez,Mexico,673478.0,182992.32683426773,182.99232683426774,Low
17.84421,-93.1201,2026-05-20,1955,n,82.25,2026,5,20,1259,Tuxtla,Mexico,578830.0,127253.80934592032,127.25380934592032,Low
17.89308,-93.18274,2026-05-20,1955,n,70.25,2026,5,20,1259,Tuxtla,Mexico,578830.0,133172.22062932566,133.17222062932566,Low
18.17849,-102.92789,2026-05-20,1955,n,90.9,2026,5,20,740,Morelia,Mexico,1002461.0,269218.956714434,269.218956714434,Low
18.18194,-102.92854,2026-05-20,1955,h,90.9,2026,5,20,740,Morelia,Mexico,1002461.0,268990.1789002599,268.9901789002599,Low
18.82641,-101.46922,2026-05-20,1955,h,87.96,2026,5,20,740,Morelia,Mexico,1002461.0,115378.21285246446,115.37821285246447,Low
19.02548,-90.90047,2026-05-20,1955,h,79.2,2026,5,20,835,Mérida,Mexico,892363.0,270758.4911347892,270.7584911347892,Low
19.53239,-104.83949,2026-05-20,1957,n,117.9,2026,5,20,1102,Tlaquepaque,Mexico,664193.0,212724.70088112948,212.72470088112948,Low
20.19851,-104.98712,2026-05-20,1957,n,53.1,2026,5,20,521,Zapopan,Mexico,1476491.0,187097.5926998837,187.0975926998837,Low
20.82549,-97.46719,2026-05-20,1957,n,51.46,2026,5,20,486,Puebla,Mexico,1576259.0,226703.38945964052,226.7033894596405,Low
20.82608,-97.46264,2026-05-20,1957,n,67.08,2026,5,20,486,Puebla,Mexico,1576259.0,226947.7211474198,226.9477211474198,Low
20.82973,-97.46318,2026-05-20,1957,n,67.08,2026,5,20,486,Puebla,Mexico,1576259.0,227333.22681617909,227.3332268161791,Low
23.27583,54.25846,2026-05-20,2216,n,66.35,2026,5,20,517,Abu Dhabi,United Arab Emirates,1483000.0,145471.54033740063,145.47154033740063,Low
23.27859,54.26354,2026-05-20,2216,n,66.35,2026,5,20,517,Abu Dhabi,United Arab Emirates,1483000.0,145092.373138443,145.092373138443,Low
23.27936,54.25919,2026-05-20,2216,n,66.35,2026,5,20,517,Abu Dhabi,United Arab Emirates,1483000.0,145038.5079395058,145.0385079395058,Low
48.99109,136.56161,2026-05-21,251,n,277.21,2026,5,21,1187,Khabarovsk,Russia,615570.0,185547.62593122074,185.54762593122075,Low
50.61068,130.38591,2026-05-21,251,n,92.63,2026,5,21,851,Yichun,China,878881.0,520240.0142727421,520.2400142727421,Low
51.21572,130.23909,2026-05-21,251,h,52.83,2026,5,21,851,Yichun,China,878881.0,617745.4088183002,617.7454088183002,Low
52.4559,127.53095,2026-05-21,253,n,102.53,2026,5,21,851,Yichun,China,878881.0,834106.7718801859,834.1067718801859,Low
52.45824,127.53757,2026-05-21,253,h,102.53,2026,5,21,851,Yichun,China,878881.0,834399.2069278719,834.3992069278719,Low
52.47723,127.51142,2026-05-21,253,n,50.85,2026,5,21,851,Yichun,China,878881.0,838325.6092479016,838.3256092479016,Low
52.85137,126.99286,2026-05-21,253,n,60.29,2026,5,21,851,Yichun,China,878881.0,917201.6171167524,917.2016171167525,Low
52.85716,127.04868,2026-05-21,253,h,108.06,2026,5,21,851,Yichun,China,878881.0,916869.616272546,916.869616272546,Low
52.85927,127.04189,2026-05-21,253,n,82.62,2026,5,21,851,Yichun,China,878881.0,917414.0255105699,917.4140255105699,Low
52.86176,127.06148,2026-05-21,253,n,99.56,2026,5,21,851,Yichun,China,878881.0,917388.6912306116,917.3886912306117,Low
52.86378,127.05465,2026-05-21,253,h,130.54,2026,5,21,851,Yichun,China,878881.0,917916.782438606,917.916782438606,Low
52.86406,127.06791,2026-05-21,253,h,99.56,2026,5,21,851,Yichun,China,878881.0,917648.5568411138,917.6485568411139,Low
52.86462,127.03694,2026-05-21,253,h,82.62,2026,5,21,851,Yichun,China,878881.0,918497.0361600363,918.4970361600364,Low
52.86485,127.05028,2026-05-21,253,h,108.06,2026,5,21,851,Yichun,China,878881.0,918214.8871905623,918.2148871905623,Low
52.8683,127.06747,2026-05-21,253,h,99.85,2026,5,21,851,Yichun,China,878881.0,918422.6635319318,918.4226635319318,Low
52.8694,127.06298,2026-05-21,253,h,99.56,2026,5,21,851,Yichun,China,878881.0,918728.3279028487,918.7283279028487,Low
53.44349,125.87135,2026-05-21,253,h,52.52,2026,5,21,851,Yichun,China,878881.0,1056771.2200488134,1056.7712200488133,Low
53.60388,127.10251,2026-05-21,253,n,51.01,2026,5,21,851,Yichun,China,878881.0,1051726.3984816645,1051.7263984816645,Low
53.60463,127.08504,2026-05-21,253,h,67.92,2026,5,21,851,Yichun,China,878881.0,1052224.2452382057,1052.2242452382056,Low
53.6061,127.1088,2026-05-21,253,n,58.67,2026,5,21,851,Yichun,China,878881.0,1052007.2202507616,1052.0072202507615,Low
53.60684,127.09131,2026-05-21,253,n,51.01,2026,5,21,851,Yichun,China,878881.0,1052502.2715514475,1052.5022715514474,Low
53.60905,127.09756,2026-05-21,253,n,51.01,2026,5,21,851,Yichun,China,878881.0,1052781.2822397493,1052.7812822397493,Low
53.61077,127.09989,2026-05-21,253,n,108.08,2026,5,21,851,Yichun,China,878881.0,1053050.7131745866,1053.0507131745867,Low
53.61127,127.10385,2026-05-21,253,h,58.67,2026,5,21,851,Yichun,China,878881.0,1053061.8900787784,1053.0618900787783,Low
61.34956,112.80228,2026-05-21,256,h,85.36,2026,5,21,1165,Irkutsk,Russia,623736.0,2082580.4518174813,2082.5804518174814,Low
61.45584,134.77872,2026-05-21,256,n,105.94,2026,5,21,1187,Khabarovsk,Russia,615570.0,2543837.64347155,2543.83764347155,Low
-42.41747,147.47151,2026-05-21,406,n,77.18,2026,5,21,127,Melbourne,Australia,5031195.0,726329.7810703748,726.3297810703748,Low
-42.41677,147.47618,2026-05-21,406,n,77.18,2026,5,21,127,Melbourne,Australia,5031195.0,726432.3872701727,726.4323872701727,Low
-42.41607,147.48085,2026-05-21,406,n,69.69,2026,5,21,127,Melbourne,Australia,5031195.0,726535.3673807218,726.5353673807218,Low
-42.41416,147.47061,2026-05-21,406,n,77.18,2026,5,21,127,Melbourne,Australia,5031195.0,725830.5316163441,725.8305316163442,Low
-42.41346,147.47528,2026-05-21,406,h,77.18,2026,5,21,127,Melbourne,Australia,5031195.0,725933.214344697,725.9332143446969,Low
-42.41085,147.46973,2026-05-21,406,n,78.38,2026,5,21,127,Melbourne,Australia,5031195.0,725332.1765974727,725.3321765974728,Low
-42.41015,147.4744,2026-05-21,406,h,78.38,2026,5,21,127,Melbourne,Australia,5031195.0,725434.9374161218,725.4349374161218,Low
-41.32325,147.93373,2026-05-21,408,n,161.25,2026,5,21,127,Melbourne,Australia,5031195.0,605252.077393844,605.252077393844,Low
-19.62305,146.19646,2026-05-21,414,n,90.42,2026,5,21,295,Brisbane,Australia,2706966.0,1219723.5129313816,1219.7235129313815,Low
-17.92719,145.411,2026-05-21,414,n,66.08,2026,5,21,295,Brisbane,Australia,2706966.0,1431231.700125943,1431.231700125943,Low
-17.22794,144.81479,2026-05-21,414,n,54.75,2026,5,21,295,Brisbane,Australia,2706966.0,1536341.3294928034,1536.3413294928034,Low
-17.1704,144.76193,2026-05-21,414,h,53.19,2026,5,21,295,Brisbane,Australia,2706966.0,1545231.9101302081,1545.2319101302082,Low
-17.16961,144.76656,2026-05-21,414,n,53.19,2026,5,21,295,Brisbane,Australia,2706966.0,1544998.999456094,1544.9989994560942,Low
-17.16817,144.75996,2026-05-21,414,n,118.36,2026,5,21,295,Brisbane,Australia,2706966.0,1545571.2315972222,1545.571231597222,Low
-17.16666,144.76134,2026-05-21,414,n,53.19,2026,5,21,295,Brisbane,Australia,2706966.0,1545621.0989153208,1545.6210989153208,Low
-17.16586,144.76599,2026-05-21,414,n,53.19,2026,5,21,295,Brisbane,Australia,2706966.0,1545387.86071124,1545.38786071124,Low
-15.84012,144.91042,2026-05-21,414,n,54.18,2026,5,21,295,Brisbane,Australia,2706966.0,1662804.9989913558,1662.8049989913557,Low
-15.10415,143.77815,2026-05-21,414,h,101.04,2026,5,21,295,Brisbane,Australia,2706966.0,1803649.1136225716,1803.6491136225716,Low
-15.10341,143.78256,2026-05-21,414,h,122.9,2026,5,21,295,Brisbane,Australia,2706966.0,1803438.958254557,1803.438958254557,Low
-15.10267,143.78696,2026-05-21,414,n,122.9,2026,5,21,295,Brisbane,Australia,2706966.0,1803229.550900155,1803.229550900155,Low
-15.10051,143.77748,2026-05-21,414,n,101.04,2026,5,21,295,Brisbane,Australia,2706966.0,1804036.2835855472,1804.0362835855472,Low
-14.90103,144.1754,2026-05-21,414,n,72.0,2026,5,21,295,Brisbane,Australia,2706966.0,1798308.569084998,1798.308569084998,Low
-14.12176,127.12756,2026-05-21,417,h,54.78,2026,5,21,557,Makassar,Indonesia,1338663.0,1330287.613309583,1330.2876133095829,Low
-14.12113,127.13364,2026-05-21,417,h,54.78,2026,5,21,557,Makassar,Indonesia,1338663.0,1330669.396481005,1330.669396481005,Low
-13.75944,132.06093,2026-05-21,417,n,56.53,2026,5,21,557,Makassar,Indonesia,1338663.0,1712227.588549036,1712.227588549036,Low
-13.40227,130.86115,2026-05-21,417,n,63.33,2026,5,21,557,Makassar,Indonesia,1338663.0,1579697.2185657925,1579.6972185657926,Low
-13.40187,130.86446,2026-05-21,417,n,63.33,2026,5,21,557,Makassar,Indonesia,1338663.0,1579967.429253267,1579.9674292532668,Low
-12.98398,132.2583,2026-05-21,417,n,63.23,2026,5,21,557,Makassar,Indonesia,1338663.0,1681968.7411928053,1681.9687411928053,Low
-12.97923,132.25769,2026-05-21,417,n,63.23,2026,5,21,557,Makassar,Indonesia,1338663.0,1681625.3167893703,1681.6253167893703,Low
-12.8325,132.38156,2026-05-21,417,n,58.31,2026,5,21,557,Makassar,Indonesia,1338663.0,1684666.0541881467,1684.6660541881467,Low
-12.83187,132.38661,2026-05-21,417,n,58.31,2026,5,21,557,Makassar,Indonesia,1338663.0,1685110.7297227401,1685.1107297227402,Low
7.54496,126.4534,2026-05-21,421,n,57.68,2026,5,21,427,Davao,Philippines,1910167.0,108933.36304954869,108.93336304954869,Low
49.33343,135.71687,2026-05-21,432,h,66.95,2026,5,21,1187,Khabarovsk,Russia,615570.0,160334.73754971547,160.33473754971547,Low
49.39534,130.07474,2026-05-21,432,n,98.47,2026,5,21,851,Yichun,China,878881.0,312306.97143420565,312.30697143420565,Low
50.92364,131.55898,2026-05-21,434,n,51.83,2026,5,21,1187,Khabarovsk,Russia,615570.0,574850.2704511053,574.8502704511053,Low
50.92412,131.56531,2026-05-21,434,n,51.83,2026,5,21,1187,Khabarovsk,Russia,615570.0,574431.5995442786,574.4315995442786,Low
50.9246,131.57162,2026-05-21,434,n,56.79,2026,5,21,1187,Khabarovsk,Russia,615570.0,574015.0176756409,574.0150176756408,Low
50.92832,131.56393,2026-05-21,434,n,51.83,2026,5,21,1187,Khabarovsk,Russia,615570.0,575079.118251304,575.0791182513041,Low
50.92882,131.57048,2026-05-21,434,n,56.79,2026,5,21,1187,Khabarovsk,Russia,615570.0,574647.3403455418,574.6473403455418,Low
50.98858,132.26848,2026-05-21,434,n,207.81,2026,5,21,1187,Khabarovsk,Russia,615570.0,533379.4422176483,533.3794422176483,Low
50.98904,132.27493,2026-05-21,434,n,207.81,2026,5,21,1187,Khabarovsk,Russia,615570.0,533023.8349271587,533.0238349271586,Low
51.01493,132.26431,2026-05-21,434,n,66.49,2026,5,21,1187,Khabarovsk,Russia,615570.0,537429.3872036245,537.4293872036245,Low
51.21413,130.22098,2026-05-21,434,n,63.45,2026,5,21,851,Yichun,China,878881.0,616966.9140048547,616.9669140048547,Low
51.3552,134.80426,2026-05-21,434,n,52.26,2026,5,21,1187,Khabarovsk,Russia,615570.0,497698.240302451,497.69824030245104,Low
51.35668,134.80504,2026-05-21,434,n,89.75,2026,5,21,1187,Khabarovsk,Russia,615570.0,497956.1413018104,497.9561413018104,Low
51.36012,134.80334,2026-05-21,434,n,52.26,2026,5,21,1187,Khabarovsk,Russia,615570.0,498579.99367556564,498.5799936755656,Low
51.68103,129.17393,2026-05-21,434,h,180.44,2026,5,21,851,Yichun,China,878881.0,681941.2104653403,681.9412104653403,Low
51.8306,129.24428,2026-05-21,434,n,77.3,2026,5,21,851,Yichun,China,878881.0,709253.2937346855,709.2532937346855,Low
51.83087,129.24455,2026-05-21,434,n,79.68,2026,5,21,851,Yichun,China,878881.0,709303.7349347473,709.3037349347474,Low
52.59217,127.31996,2026-05-21,434,h,79.36,2026,5,21,851,Yichun,China,878881.0,862965.6032101309,862.9656032101309,Low
52.59292,127.32695,2026-05-21,434,n,79.36,2026,5,21,851,Yichun,China,878881.0,862948.0549141013,862.9480549141012,Low
52.59656,127.32593,2026-05-21,434,n,79.36,2026,5,21,851,Yichun,China,878881.0,863624.4422594293,863.6244422594292,Low
52.59946,127.31792,2026-05-21,434,n,99.59,2026,5,21,851,Yichun,China,878881.0,864320.1722695321,864.3201722695321,Low
52.6002,127.32487,2026-05-21,434,h,99.59,2026,5,21,851,Yichun,China,878881.0,864301.7538722939,864.3017538722938,Low
52.6049,127.0569,2026-05-21,434,n,57.06,2026,5,21,851,Yichun,China,878881.0,871457.2695418884,871.4572695418884,Low
52.61555,127.32796,2026-05-21,434,n,169.23,2026,5,21,851,Yichun,China,878881.0,866994.7133824677,866.9947133824677,Low
52.63643,127.32152,2026-05-21,434,n,173.53,2026,5,21,851,Yichun,China,878881.0,870890.1800662031,870.8901800662031,Low
52.6562,127.55044,2026-05-21,434,n,75.66,2026,5,21,851,Yichun,China,878881.0,869878.719179347,869.8787191793471,Low
52.65914,127.54221,2026-05-21,434,n,75.66,2026,5,21,851,Yichun,China,878881.0,870562.5509069561,870.5625509069561,Low
52.65987,127.54935,2026-05-21,434,h,75.66,2026,5,21,851,Yichun,China,878881.0,870563.0378094998,870.5630378094997,Low
52.68341,127.52079,2026-05-21,434,n,52.92,2026,5,21,851,Yichun,China,878881.0,875353.6097236675,875.3536097236675,Low
53.13835,126.19792,2026-05-21,434,n,67.3,2026,5,21,851,Yichun,China,878881.0,991566.0073562411,991.5660073562411,Low
53.14392,126.1823,2026-05-21,434,n,106.63,2026,5,21,851,Yichun,China,878881.0,993070.0116151867,993.0700116151867,Low
53.14467,126.18902,2026-05-21,434,n,106.63,2026,5,21,851,Yichun,China,878881.0,992980.2221041049,992.9802221041049,Low
53.15356,126.13783,2026-05-21,434,n,65.27,2026,5,21,851,Yichun,China,878881.0,996262.1916872301,996.2621916872301,Low
53.15709,126.13673,2026-05-21,434,n,65.27,2026,5,21,851,Yichun,China,878881.0,996923.8879285769,996.923887928577,Low
53.22947,124.87526,2026-05-21,434,n,50.86,2026,5,21,178,Qiqihar,China,4067489.0,1030880.6585580752,1030.8806585580753,Low
53.23288,124.87405,2026-05-21,434,n,50.86,2026,5,21,178,Qiqihar,China,4067489.0,1031497.5198234536,1031.4975198234536,Low
53.24406,126.8315,2026-05-21,434,n,65.87,2026,5,21,851,Yichun,China,878881.0,992096.5440931475,992.0965440931475,Low
53.24479,126.83842,2026-05-21,434,n,65.87,2026,5,21,851,Yichun,China,878881.0,992055.4616525073,992.0554616525073,Low
53.25201,126.83619,2026-05-21,434,h,57.06,2026,5,21,851,Yichun,China,878881.0,993420.1386004905,993.4201386004905,Low
53.25274,126.84307,2026-05-21,434,n,162.58,2026,5,21,851,Yichun,China,878881.0,993380.739473035,993.380739473035,Low
53.25562,126.83507,2026-05-21,434,n,57.06,2026,5,21,851,Yichun,China,878881.0,994102.6862911172,994.1026862911173,Low
53.33353,127.29088,2026-05-21,434,n,125.47,2026,5,21,851,Yichun,China,878881.0,998237.0290856669,998.2370290856669,Low
53.3445,128.05846,2026-05-21,434,n,71.5,2026,5,21,851,Yichun,China,878881.0,989098.1733380322,989.0981733380322,Low
53.35133,128.04883,2026-05-21,434,n,56.87,2026,5,21,851,Yichun,China,878881.0,990461.7508469352,990.4617508469352,Low
53.43489,125.84626,2026-05-21,434,h,74.42,2026,5,21,851,Yichun,China,878881.0,1056123.141744725,1056.123141744725,Low
53.43563,125.85284,2026-05-21,434,n,74.42,2026,5,21,851,Yichun,China,878881.0,1056023.395015438,1056.0233950154382,Low
53.45242,125.84058,2026-05-21,434,n,54.28,2026,5,21,851,Yichun,China,878881.0,1059431.650555757,1059.4316505557572,Low
53.45592,125.83947,2026-05-21,434,h,54.28,2026,5,21,851,Yichun,China,878881.0,1060091.5507947851,1060.0915507947852,Low
53.52274,127.32729,2026-05-21,434,n,75.56,2026,5,21,851,Yichun,China,878881.0,1032403.9788256759,1032.403978825676,Low
53.61832,127.09606,2026-05-21,434,n,60.66,2026,5,21,851,Yichun,China,878881.0,1054521.7859658021,1054.521785965802,Low
53.61907,127.10332,2026-05-21,434,n,60.66,2026,5,21,851,Yichun,China,878881.0,1054511.5823946542,1054.5115823946542,Low
61.4509,134.7946,2026-05-21,436,h,70.16,2026,5,21,1187,Khabarovsk,Russia,615570.0,2542664.027438483,2542.664027438483,Low
-31.48875,116.49081,2026-05-21,553,n,63.27,2026,5,21,388,Perth,Australia,2141834.0,93122.60517133026,93.12260517133026,Moderate
-30.24347,115.18457,2026-05-21,553,n,103.55,2026,5,21,388,Perth,Australia,2141834.0,234969.32540317986,234.96932540317985,Low
-30.23808,115.16895,2026-05-21,553,n,127.83,2026,5,21,388,Perth,Australia,2141834.0,236187.826630121,236.187826630121,Low
-14.40367,127.29935,2026-05-21,555,h,74.22,2026,5,21,557,Makassar,Indonesia,1338663.0,1367376.9972673587,1367.3769972673588,Low
-14.09041,127.05142,2026-05-21,555,h,52.13,2026,5,21,557,Makassar,Indonesia,1338663.0,1322074.6097214215,1322.0746097214214,Low
0.33897,109.72728,2026-05-21,559,n,64.15,2026,5,21,1073,Pontianak,Indonesia,680880.0,58714.60844982777,58.71460844982777,Moderate
12.22949,108.8673,2026-05-21,603,n,104.71,2026,5,21,1258,Nha Trang,Vietnam,579000.0,36155.233271328616,36.15523327132862,High
20.59233,101.7458,2026-05-21,605,n,59.37,2026,5,21,1138,Jinghong,China,642737.0,199520.60167383758,199.52060167383758,Low
26.59765,96.24653,2026-05-21,608,n,138.9,2026,5,21,1176,Tengyue,China,620000.0,316572.3276275429,316.5723276275429,Low
27.21587,97.63485,2026-05-21,608,n,53.16,2026,5,21,1176,Tengyue,China,620000.0,288566.3844540608,288.5663844540608,Low
27.22024,97.63367,2026-05-21,608,n,53.16,2026,5,21,1176,Tengyue,China,620000.0,289126.2904432205,289.1262904432205,Low
27.25908,95.77921,2026-05-21,608,h,107.49,2026,5,21,1176,Tengyue,China,620000.0,409806.41999068414,409.80641999068416,Low
27.26064,95.78608,2026-05-21,608,h,71.14,2026,5,21,1176,Tengyue,China,620000.0,409377.76964582305,409.37776964582304,Low
27.26544,95.78437,2026-05-21,608,h,71.14,2026,5,21,1176,Tengyue,China,620000.0,409926.1102777964,409.9261102777964,Low
27.26619,95.7877,2026-05-21,608,n,71.14,2026,5,21,1176,Tengyue,China,620000.0,409718.44552729646,409.71844552729647,Low
27.27247,95.84595,2026-05-21,608,n,94.04,2026,5,21,1176,Tengyue,China,620000.0,405535.6091856061,405.5356091856061,Low
61.35032,112.8129,2026-05-21,618,h,60.1,2026,5,21,1165,Irkutsk,Russia,623736.0,2083276.305199172,2083.276305199172,Low
16.73947,74.52879,2026-05-21,746,n,57.6,2026,5,21,1293,Kolhāpur,India,561489.0,33359.1132406084,33.3591132406084,High
18.38016,79.47086,2026-05-21,746,h,74.37,2026,5,21,924,Karīmnagar,India,797447.0,38690.308949542865,38.69030894954287,High
19.7153,83.16367,2026-05-21,748,n,135.45,2026,5,21,1299,Nava Raipur,India,560000.0,230183.2580043924,230.1832580043924,Low
25.38801,79.8166,2026-05-21,750,h,89.04,2026,5,21,1418,Jhānsi,India,507000.0,139016.12782309324,139.01612782309323,Low
26.10024,78.06477,2026-05-21,750,n,51.57,2026,5,21,701,Gwalior,India,1069276.0,18743.36428311319,18.74336428311319,Very High
26.10361,78.06408,2026-05-21,750,h,51.57,2026,5,21,701,Gwalior,India,1069276.0,18487.55357240817,18.48755357240817,Very High
29.85787,79.7353,2026-05-21,750,n,64.84,2026,5,21,1119,Haldwāni,India,656000.0,85062.66464889137,85.06266464889137,Moderate
29.86117,79.73469,2026-05-21,750,h,64.84,2026,5,21,1119,Haldwāni,India,656000.0,85450.15561005606,85.45015561005606,Moderate
31.43834,73.98642,2026-05-21,750,n,62.68,2026,5,21,31,Lahore,Pakistan,12306000.0,42335.569480175225,42.335569480175224,High
60.99941,60.21103,2026-05-21,801,h,167.59,2026,5,21,726,Perm,Russia,1026908.0,788280.6746304128,788.2806746304128,Low
23.27436,54.26125,2026-05-21,930,h,141.1,2026,5,21,517,Abu Dhabi,United Arab Emirates,1483000.0,145623.70093462564,145.62370093462565,Low
23.5481,53.32609,2026-05-21,930,h,82.8,2026,5,21,517,Abu Dhabi,United Arab Emirates,1483000.0,161090.96246438083,161.09096246438082,Low
31.00373,48.13879,2026-05-21,932,h,62.54,2026,5,21,565,Ahvāz,Iran,1325000.0,71691.70401556347,71.69170401556347,Moderate
60.97424,60.1386,2026-05-21,939,n,98.18,2026,5,21,726,Perm,Russia,1026908.0,779029.6755396958,779.0296755396957,Low
