latitude,longitude,acq_date,acq_time,confidence,frp,year,month,day,index_right,city,country,population,distance_m,distance_km,risk_level
32.94917,3.22657,2026-05-17,111,n,56.36,2026,5,17,354,Algiers,Algeria,2364230.0,513561.36500288313,513.5613650028831,Low
50.97397,130.24557,2026-05-17,228,n,64.37,2026,5,17,851,Yichun,China,878881.0,576573.3963722966,576.5733963722967,Low
61.34239,112.80679,2026-05-17,232,n,59.25,2026,5,17,1165,Irkutsk,Russia,623736.0,2081327.7387901845,2081.3277387901844,Low
61.34721,112.79555,2026-05-17,232,n,59.25,2026,5,17,1165,Irkutsk,Russia,623736.0,2081753.52058764,2081.75352058764,Low
61.35265,112.80509,2026-05-17,232,n,59.25,2026,5,17,1165,Irkutsk,Russia,623736.0,2083361.6382039902,2083.36163820399,Low
-3.83708,143.3791,2026-05-17,351,n,157.51,2026,5,17,1051,General Santos,Philippines,697315.0,2311064.94011589,2311.06494011589,Low
-3.83429,143.37515,2026-05-17,351,n,157.51,2026,5,17,1051,General Santos,Philippines,697315.0,2310529.759586987,2310.529759586987,Low
48.6357,134.71786,2026-05-17,408,n,80.71,2026,5,17,1187,Khabarovsk,Russia,615570.0,48082.95253027332,48.08295253027332,High
50.61997,130.19536,2026-05-17,408,n,58.05,2026,5,17,851,Yichun,China,878881.0,515176.41025221226,515.1764102522122,Low
50.91737,132.52843,2026-05-17,408,n,50.72,2026,5,17,1187,Khabarovsk,Russia,615570.0,506450.0009550115,506.45000095501155,Low
50.92155,132.5334,2026-05-17,408,n,50.72,2026,5,17,1187,Khabarovsk,Russia,615570.0,506750.79562102206,506.75079562102206,Low
51.62563,128.08495,2026-05-17,408,n,77.65,2026,5,17,851,Yichun,China,878881.0,676250.8514418476,676.2508514418477,Low
51.62972,128.08907,2026-05-17,408,n,77.65,2026,5,17,851,Yichun,China,878881.0,676921.7294349056,676.9217294349056,Low
51.63295,128.08775,2026-05-17,408,n,90.35,2026,5,17,851,Yichun,China,878881.0,677514.7246217094,677.5147246217094,Low
51.63454,127.90193,2026-05-17,408,n,106.82,2026,5,17,851,Yichun,China,878881.0,680666.2931653538,680.6662931653539,Low
51.63619,128.08643,2026-05-17,408,n,90.35,2026,5,17,851,Yichun,China,878881.0,678109.5486246101,678.10954862461,Low
52.31669,127.43789,2026-05-17,408,n,71.64,2026,5,17,851,Yichun,China,878881.0,811050.5440031502,811.0505440031502,Low
52.31992,127.43652,2026-05-17,408,n,71.64,2026,5,17,851,Yichun,China,878881.0,811657.121245038,811.657121245038,Low
52.32081,127.44204,2026-05-17,408,n,71.64,2026,5,17,851,Yichun,China,878881.0,811698.0541342545,811.6980541342544,Low
52.66305,127.26975,2026-05-17,408,n,59.04,2026,5,17,851,Yichun,China,878881.0,876813.5489476596,876.8135489476596,Low
52.66717,127.27393,2026-05-17,408,n,59.04,2026,5,17,851,Yichun,China,878881.0,877461.9716372775,877.4619716372775,Low
52.6704,127.27251,2026-05-17,408,n,62.45,2026,5,17,851,Yichun,China,878881.0,878074.4869805296,878.0744869805296,Low
52.67184,127.26,2026-05-17,408,n,99.54,2026,5,17,851,Yichun,China,878881.0,878611.4569577766,878.6114569577766,Low
52.67363,127.27111,2026-05-17,408,n,62.45,2026,5,17,851,Yichun,China,878881.0,878686.6040377094,878.6866040377095,Low
52.77719,127.37881,2026-05-17,408,n,53.04,2026,5,17,851,Yichun,China,878881.0,895091.6494848778,895.0916494848778,Low
52.78042,127.3774,2026-05-17,408,n,53.04,2026,5,17,851,Yichun,China,878881.0,895704.7043047637,895.7047043047637,Low
53.03219,126.62433,2026-05-17,408,n,105.94,2026,5,17,851,Yichun,China,878881.0,959504.536738776,959.504536738776,Low
53.20783,127.32726,2026-05-17,408,n,184.32,2026,5,17,851,Yichun,China,878881.0,974491.1376102922,974.4911376102922,Low
53.20872,127.33288,2026-05-17,408,h,184.32,2026,5,17,851,Yichun,China,878881.0,974546.1026610731,974.5461026610731,Low
53.21429,127.32442,2026-05-17,408,n,64.2,2026,5,17,851,Yichun,China,878881.0,975728.5255747931,975.7285255747931,Low
53.32539,126.93632,2026-05-17,408,n,70.89,2026,5,17,851,Yichun,China,878881.0,1004328.2688124726,1004.3282688124726,Low
53.36063,126.87617,2026-05-17,408,n,243.81,2026,5,17,851,Yichun,China,878881.0,1012177.6732043765,1012.1776732043764,Low
53.36708,126.87326,2026-05-17,408,n,53.92,2026,5,17,851,Yichun,China,878881.0,1013422.4863847696,1013.4224863847695,Low
53.3694,126.86617,2026-05-17,408,n,53.92,2026,5,17,851,Yichun,China,878881.0,1014015.913101821,1014.015913101821,Low
53.39754,126.84746,2026-05-17,408,n,80.65,2026,5,17,851,Yichun,China,878881.0,1019594.8430595562,1019.5948430595562,Low
53.39997,126.75533,2026-05-17,408,n,71.44,2026,5,17,851,Yichun,China,878881.0,1022317.9364715881,1022.317936471588,Low
53.40077,126.84601,2026-05-17,408,n,80.65,2026,5,17,851,Yichun,China,878881.0,1020218.5704391396,1020.2185704391396,Low
53.40168,126.85167,2026-05-17,408,n,50.6,2026,5,17,851,Yichun,China,878881.0,1020247.4594982294,1020.2474594982294,Low
61.34951,112.79852,2026-05-17,412,n,87.83,2026,5,17,1165,Irkutsk,Russia,623736.0,2082379.4791069608,2082.379479106961,Low
-31.37171,117.23052,2026-05-17,525,n,55.56,2026,5,17,388,Perth,Australia,2141834.0,170652.533537837,170.652533537837,Low
-31.37119,117.2361,2026-05-17,525,n,55.56,2026,5,17,388,Perth,Australia,2141834.0,171238.47028030184,171.23847028030184,Low
-31.36708,117.22995,2026-05-17,525,n,55.56,2026,5,17,388,Perth,Australia,2141834.0,170866.96047556793,170.86696047556794,Low
-31.36656,117.2355,2026-05-17,525,n,55.56,2026,5,17,388,Perth,Australia,2141834.0,171449.18851651554,171.44918851651553,Low
20.82071,104.32527,2026-05-17,542,n,85.77,2026,5,17,51,Hanoi,Vietnam,8587100.0,171071.61773167882,171.07161773167883,Low
21.03079,102.39669,2026-05-17,542,n,105.77,2026,5,17,1138,Jinghong,China,642737.0,213103.93778721176,213.10393778721175,Low
21.03135,102.39802,2026-05-17,542,n,108.53,2026,5,17,1138,Jinghong,China,642737.0,213191.01564577062,213.19101564577062,Low
21.03535,102.39126,2026-05-17,542,n,105.77,2026,5,17,1138,Jinghong,China,642737.0,212300.1309287877,212.3001309287877,Low
21.03627,102.39536,2026-05-17,542,n,105.77,2026,5,17,1138,Jinghong,China,642737.0,212621.72340729088,212.6217234072909,Low
21.04834,102.52866,2026-05-17,542,n,79.17,2026,5,17,1138,Jinghong,China,642737.0,224445.177194119,224.445177194119,Low
21.04924,102.53282,2026-05-17,542,n,79.17,2026,5,17,1138,Jinghong,China,642737.0,224788.16267889686,224.78816267889687,Low
21.05539,102.50597,2026-05-17,542,n,80.29,2026,5,17,1138,Jinghong,China,642737.0,221845.83548328822,221.84583548328823,Low
21.05581,102.51037,2026-05-17,542,h,54.83,2026,5,17,1138,Jinghong,China,642737.0,222240.28729403447,222.24028729403446,Low
21.06086,102.42773,2026-05-17,542,n,157.6,2026,5,17,1138,Jinghong,China,642737.0,214077.22814836938,214.0772281483694,Low
21.06745,102.4314,2026-05-17,542,n,157.6,2026,5,17,1138,Jinghong,China,642737.0,214008.80849595222,214.00880849595222,Low
21.06835,102.43542,2026-05-17,542,n,61.23,2026,5,17,1138,Jinghong,China,642737.0,214332.97482208925,214.33297482208926,Low
21.83915,101.99242,2026-05-17,542,h,84.91,2026,5,17,1138,Jinghong,China,642737.0,134625.33060685542,134.6253306068554,Low
21.84041,101.99282,2026-05-17,542,n,85.03,2026,5,17,1138,Jinghong,China,642737.0,134646.5586191477,134.6465586191477,Low
21.98283,101.76488,2026-05-17,542,n,82.2,2026,5,17,1138,Jinghong,China,642737.0,107789.71008199693,107.78971008199693,Low
16.26023,80.59127,2026-05-17,722,n,54.45,2026,5,17,1092,Guntūr,India,670073.0,17184.229878868515,17.184229878868514,Very High
16.2619,80.59409,2026-05-17,722,n,64.72,2026,5,17,1092,Guntūr,India,670073.0,17435.260745595064,17.435260745595063,Very High
20.539,79.05647,2026-05-17,722,n,66.76,2026,5,17,345,Nāgpur,India,2405665.0,72793.88171636069,72.79388171636069,Moderate
21.59154,99.91371,2026-05-17,722,n,145.63,2026,5,17,1138,Jinghong,China,642737.0,110333.04267170576,110.33304267170575,Low
21.9926,101.76146,2026-05-17,722,n,62.35,2026,5,17,1138,Jinghong,China,642737.0,107381.2504197983,107.3812504197983,Low
45.95127,79.53401,2026-05-17,731,n,52.71,2026,5,17,942,Ailan Mubage,China,778047.0,375404.92972743954,375.40492972743954,Low
45.95531,79.53783,2026-05-17,731,h,52.71,2026,5,17,942,Ailan Mubage,China,778047.0,375739.3897052802,375.7393897052802,Low
53.91581,63.19238,2026-05-17,731,n,51.51,2026,5,17,637,Chelyabinsk,Russia,1177058.0,312096.5671461509,312.0965671461509,Low
33.60322,-105.31139,2026-05-17,758,n,54.06,2026,5,17,954,Albuquerque,United States,767499.0,251240.96463327142,251.24096463327143,Low
33.60344,-105.31593,2026-05-17,758,n,54.06,2026,5,17,954,Albuquerque,United States,767499.0,250918.5923908084,250.91859239080839,Low
33.61788,-105.35815,2026-05-17,758,n,50.85,2026,5,17,954,Albuquerque,United States,767499.0,246600.53102269073,246.60053102269075,Low
33.61812,-105.36379,2026-05-17,758,n,50.85,2026,5,17,954,Albuquerque,United States,767499.0,246209.7823360281,246.2097823360281,Low
33.62417,-105.36107,2026-05-17,758,n,50.85,2026,5,17,954,Albuquerque,United States,767499.0,245727.55920899415,245.72755920899414,Low
33.6524,-105.30412,2026-05-17,758,n,73.26,2026,5,17,954,Albuquerque,United States,767499.0,246460.3895933464,246.4603895933464,Low
33.65264,-105.30953,2026-05-17,758,n,73.26,2026,5,17,954,Albuquerque,United States,767499.0,246070.14824970273,246.07014824970273,Low
33.65857,-105.30455,2026-05-17,758,n,73.26,2026,5,17,954,Albuquerque,United States,767499.0,245775.62413117118,245.77562413117118,Low
33.65882,-105.30997,2026-05-17,758,h,73.26,2026,5,17,954,Albuquerque,United States,767499.0,245382.77887740306,245.38277887740307,Low
23.2753,54.25934,2026-05-17,905,h,130.06,2026,5,17,517,Abu Dhabi,United Arab Emirates,1483000.0,145527.46845257012,145.5274684525701,Low
23.52967,53.28946,2026-05-17,905,n,66.87,2026,5,17,517,Abu Dhabi,United Arab Emirates,1483000.0,165582.79400918898,165.58279400918897,Low
27.57582,48.96526,2026-05-17,905,h,70.16,2026,5,17,1161,Al Qaţīf,Saudi Arabia,625092.0,176050.34307783563,176.05034307783563,Low
31.13589,49.3172,2026-05-17,907,h,51.02,2026,5,17,565,Ahvāz,Iran,1325000.0,74439.26816036354,74.43926816036354,Moderate
31.66379,44.48797,2026-05-17,907,h,52.67,2026,5,17,1011,An Najaf,Iraq,724700.0,50629.41710816423,50.629417108164226,Moderate
31.7496,48.71965,2026-05-17,907,n,94.05,2026,5,17,1062,Borvāyeh-ye Al Bū ‘Azīz,Iran,690000.0,19705.698577462943,19.705698577462943,Very High
35.68272,43.87676,2026-05-17,907,n,76.33,2026,5,17,757,Kirkuk,Iraq,975000.0,65320.788165946404,65.32078816594641,Moderate
61.51573,70.08471,2026-05-17,915,h,82.31,2026,5,17,873,Tyumen,Russia,861100.0,1080527.641908455,1080.527641908455,Low
33.60157,-105.30945,2026-05-17,937,n,73.7,2026,5,17,954,Albuquerque,United States,767499.0,251546.52446964468,251.54652446964468,Low
33.60639,-105.3052,2026-05-17,937,n,73.7,2026,5,17,954,Albuquerque,United States,767499.0,251308.27461933892,251.30827461933893,Low
33.60755,-105.30964,2026-05-17,937,n,73.7,2026,5,17,954,Albuquerque,United States,767499.0,250890.08797198732,250.89008797198733,Low
11.43295,40.92859,2026-05-17,1041,h,133.15,2026,5,17,1214,Djibouti,Djibouti,603900.0,247754.5841353947,247.75458413539468,Low
11.58358,41.55761,2026-05-17,1041,h,249.55,2026,5,17,1214,Djibouti,Djibouti,603900.0,177056.80614331944,177.05680614331945,Low
22.4815,28.86432,2026-05-17,1045,n,115.1,2026,5,17,1402,Abū Ţisht,Egypt,514535.0,571848.4841540796,571.8484841540795,Low
28.49363,49.71635,2026-05-17,1045,h,65.61,2026,5,17,258,Kuwait City,Kuwait,2989000.0,223273.8369285064,223.2738369285064,Low
29.2282,19.69656,2026-05-17,1047,n,56.61,2026,5,17,1151,Benghazi,Libya,631555.0,376179.4974487398,376.1794974487398,Low
30.74688,48.27959,2026-05-17,1047,n,50.63,2026,5,17,562,Al Başrah,Iraq,1326564.0,60270.56121031387,60.27056121031387,Moderate
30.74718,48.28592,2026-05-17,1047,n,50.63,2026,5,17,562,Al Başrah,Iraq,1326564.0,60901.89400084572,60.90189400084572,Moderate
31.12619,49.32285,2026-05-17,1047,n,87.0,2026,5,17,565,Ahvāz,Iran,1325000.0,75419.46640288124,75.41946640288124,Moderate
31.13335,49.32991,2026-05-17,1047,n,87.0,2026,5,17,565,Ahvāz,Iran,1325000.0,75888.66973480576,75.88866973480576,Moderate
31.13993,49.32232,2026-05-17,1047,n,118.95,2026,5,17,565,Ahvāz,Iran,1325000.0,74831.72154981107,74.83172154981108,Moderate
-13.91101,25.83419,2026-05-17,1217,n,67.64,2026,5,17,1108,Kitwe,Zambia,661901.0,291610.3158592006,291.6103158592006,Low
-9.39729,17.48827,2026-05-17,1217,n,68.55,2026,5,17,1212,Malanje,Angola,604215.0,127637.95458647094,127.63795458647094,Low
-7.71863,25.20021,2026-05-17,1217,n,60.36,2026,5,17,1271,Kabinda,Congo (Kinshasa),572000.0,195359.78849906358,195.35978849906357,Low
13.34446,13.85449,2026-05-17,1223,h,107.99,2026,5,17,625,Maiduguri,Nigeria,1197497.0,188775.32631578055,188.77532631578055,Low
10.24471,-14.14636,2026-05-17,1405,h,490.92,2026,5,17,469,Conakry,Guinea,1667864.0,96140.21429946221,96.14021429946222,Moderate
10.55532,-14.02388,2026-05-17,1405,h,295.44,2026,5,17,469,Conakry,Guinea,1667864.0,123248.04309460918,123.24804309460919,Low
10.58453,-13.6039,2026-05-17,1405,h,328.99,2026,5,17,469,Conakry,Guinea,1667864.0,122167.61722296647,122.16761722296647,Low
10.82708,-13.86681,2026-05-17,1405,h,121.19,2026,5,17,469,Conakry,Guinea,1667864.0,150040.5747666057,150.04057476660572,Low
10.84964,-13.74788,2026-05-17,1405,h,115.65,2026,5,17,469,Conakry,Guinea,1667864.0,151659.16561967114,151.65916561967114,Low
11.12853,-14.7882,2026-05-17,1405,n,95.93,2026,5,17,469,Conakry,Guinea,1667864.0,218909.84016279125,218.90984016279126,Low
11.51574,-16.34817,2026-05-17,1405,n,379.11,2026,5,17,469,Conakry,Guinea,1667864.0,371107.096598363,371.107096598363,Low
11.63667,-13.63927,2026-05-17,1405,h,251.11,2026,5,17,469,Conakry,Guinea,1667864.0,241070.71919691615,241.07071919691614,Low
11.64227,-13.64799,2026-05-17,1405,h,342.37,2026,5,17,469,Conakry,Guinea,1667864.0,241676.17932815678,241.6761793281568,Low
11.92406,-12.3476,2026-05-17,1405,h,514.7,2026,5,17,469,Conakry,Guinea,1667864.0,312954.4364904635,312.9544364904635,Low
13.04262,-14.14718,2026-05-17,1405,h,83.96,2026,5,17,1368,Touba,Senegal,529176.0,284837.87788373086,284.83787788373087,Low
13.04605,-14.14775,2026-05-17,1405,n,53.93,2026,5,17,1368,Touba,Senegal,529176.0,284506.9927584316,284.5069927584316,Low
14.00101,-4.54915,2026-05-17,1405,n,111.5,2026,5,17,822,Bobo-Dioulasso,Burkina Faso,903887.0,322791.844006197,322.791844006197,Low
14.04681,-4.60868,2026-05-17,1405,n,71.4,2026,5,17,822,Bobo-Dioulasso,Burkina Faso,903887.0,328689.26459911733,328.68926459911734,Low
14.32013,-10.97935,2026-05-17,1405,n,54.65,2026,5,17,167,Bamako,Mali,4227569.0,383815.6420182501,383.81564201825006,Low
55.9653,160.60452,2026-05-17,1437,n,115.4,2026,5,17,423,Sapporo,Japan,1959313.0,3092811.1043500956,3092.811104350096,Low
55.96542,160.60101,2026-05-17,1437,h,115.4,2026,5,17,423,Sapporo,Japan,1959313.0,3092557.6027476345,3092.5576027476345,Low
55.96655,160.60802,2026-05-17,1437,h,60.76,2026,5,17,423,Sapporo,Japan,1959313.0,3093260.3318222975,3093.2603318222978,Low
55.96667,160.60464,2026-05-17,1437,h,60.76,2026,5,17,423,Sapporo,Japan,1959313.0,3093016.8465513224,3093.0168465513225,Low
55.9668,160.60117,2026-05-17,1437,n,61.88,2026,5,17,423,Sapporo,Japan,1959313.0,3092767.8819497935,3092.7678819497937,Low
55.96695,160.59723,2026-05-17,1437,h,61.88,2026,5,17,423,Sapporo,Japan,1959313.0,3092485.573590871,3092.485573590871,Low
55.97027,160.60742,2026-05-17,1437,h,115.4,2026,5,17,423,Sapporo,Japan,1959313.0,3093747.6301067667,3093.747630106767,Low
55.97051,160.60028,2026-05-17,1437,n,110.22,2026,5,17,423,Sapporo,Japan,1959313.0,3093231.495043662,3093.231495043662,Low
55.97064,160.59644,2026-05-17,1437,n,110.22,2026,5,17,423,Sapporo,Japan,1959313.0,3092954.091683025,3092.954091683025,Low
-9.34855,-40.70612,2026-05-17,1541,n,71.52,2026,5,17,1099,Aracaju,Brazil,664908.0,441486.339777711,441.486339777711,Low
-9.34802,-40.70627,2026-05-17,1541,h,66.13,2026,5,17,1099,Aracaju,Brazil,664908.0,441525.57651108276,441.52557651108276,Low
-12.99021,-66.54244,2026-05-17,1722,h,76.25,2026,5,17,786,El Alto,Bolivia,943000.0,443037.4889181653,443.0374889181653,Low
-12.98972,-66.54545,2026-05-17,1722,n,70.29,2026,5,17,786,El Alto,Bolivia,943000.0,442952.27455336374,442.95227455336374,Low
-12.98929,-66.54188,2026-05-17,1722,h,70.29,2026,5,17,786,El Alto,Bolivia,943000.0,443158.8696699335,443.1588696699335,Low
-12.98472,-66.54307,2026-05-17,1722,h,76.25,2026,5,17,786,El Alto,Bolivia,943000.0,443581.85927126737,443.5818592712674,Low
11.62473,-70.22665,2026-05-17,1728,n,71.02,2026,5,17,302,Maracaibo,Venezuela,2658355.0,192800.17455185743,192.80017455185742,Low
61.34465,112.80469,2026-05-17,1758,n,66.46,2026,5,17,1165,Irkutsk,Russia,623736.0,2081688.0553927037,2081.6880553927035,Low
61.34938,112.80555,2026-05-17,1758,n,51.31,2026,5,17,1165,Irkutsk,Russia,623736.0,2082709.099566504,2082.709099566504,Low
61.34984,112.79517,2026-05-17,1758,n,51.31,2026,5,17,1165,Irkutsk,Russia,623736.0,2082277.9030188767,2082.2779030188767,Low
61.53953,113.16624,2026-05-17,1758,n,53.67,2026,5,17,1165,Irkutsk,Russia,623736.0,2140479.8901948826,2140.4798901948825,Low
-36.41171,-71.58668,2026-05-17,1856,n,60.66,2026,5,17,1020,Concepción,Chile,719944.0,172982.2075780592,172.9822075780592,Low
-36.4003,-71.74702,2026-05-17,1856,n,105.57,2026,5,17,1020,Concepción,Chile,719944.0,156861.82986138167,156.86182986138166,Low
16.36913,-98.34341,2026-05-17,1910,h,58.64,2026,5,17,1082,Acapulco de Juárez,Mexico,673478.0,180703.97355737948,180.70397355737947,Low
16.36927,-98.3431,2026-05-17,1910,h,52.73,2026,5,17,1082,Acapulco de Juárez,Mexico,673478.0,180731.53105983604,180.73153105983604,Low
16.37437,-98.34445,2026-05-17,1910,h,58.64,2026,5,17,1082,Acapulco de Juárez,Mexico,673478.0,180401.7504048122,180.4017504048122,Low
16.37451,-98.34416,2026-05-17,1910,h,52.73,2026,5,17,1082,Acapulco de Juárez,Mexico,673478.0,180427.27340499108,180.42727340499107,Low
16.73118,-94.03038,2026-05-17,1910,n,116.09,2026,5,17,1259,Tuxtla,Mexico,578830.0,101741.43889965462,101.74143889965463,Low
17.09731,-90.30537,2026-05-17,1910,n,73.44,2026,5,17,257,Guatemala City,Guatemala,3014000.0,285154.7926823788,285.1547926823788,Low
17.29743,-100.708,2026-05-17,1910,h,56.65,2026,5,17,1082,Acapulco de Juárez,Mexico,673478.0,104866.82016420743,104.86682016420743,Low
17.33932,-91.85237,2026-05-17,1910,n,56.07,2026,5,17,1259,Tuxtla,Mexico,578830.0,156437.74506074828,156.43774506074828,Low
17.60573,-93.84235,2026-05-17,1910,h,56.95,2026,5,17,1259,Tuxtla,Mexico,578830.0,128070.94590445157,128.07094590445158,Low
17.60957,-93.84312,2026-05-17,1910,n,56.95,2026,5,17,1259,Tuxtla,Mexico,578830.0,128473.2099109742,128.4732099109742,Low
17.71915,-90.70235,2026-05-17,1910,h,188.77,2026,5,17,1259,Tuxtla,Mexico,578830.0,291411.1121288879,291.4111121288879,Low
17.8415,-93.12085,2026-05-17,1910,n,146.06,2026,5,17,1259,Tuxtla,Mexico,578830.0,126937.16765128225,126.93716765128225,Low
17.885,-90.27921,2026-05-17,1910,h,391.35,2026,5,17,1259,Tuxtla,Mexico,578830.0,342349.07898469374,342.34907898469373,Low
18.01824,-88.72135,2026-05-17,1910,n,56.82,2026,5,17,1021,San Pedro Sula,Honduras,719064.0,302190.246644277,302.190246644277,Low
18.10068,-101.83317,2026-05-17,1910,n,74.16,2026,5,17,740,Morelia,Mexico,1002461.0,208941.01937563965,208.94101937563966,Low
18.10425,-101.83262,2026-05-17,1910,n,81.66,2026,5,17,740,Morelia,Mexico,1002461.0,208527.29388596295,208.52729388596296,Low
18.10541,-101.8276,2026-05-17,1910,h,64.37,2026,5,17,740,Morelia,Mexico,1002461.0,208208.36059778632,208.2083605977863,Low
18.13704,-90.51576,2026-05-17,1910,h,467.41,2026,5,17,1259,Tuxtla,Mexico,578830.0,331544.229563408,331.544229563408,Low
18.19802,-88.42646,2026-05-17,1910,n,56.99,2026,5,17,1021,San Pedro Sula,Honduras,719064.0,316306.3189957848,316.3063189957848,Low
18.19856,-88.42279,2026-05-17,1910,n,56.99,2026,5,17,1021,San Pedro Sula,Honduras,719064.0,316311.4950363902,316.3114950363902,Low
18.39013,-91.68696,2026-05-17,1910,n,69.77,2026,5,17,1259,Tuxtla,Mexico,578830.0,248770.62947203137,248.77062947203137,Low
18.66462,-90.84139,2026-05-17,1910,h,213.78,2026,5,17,835,Mérida,Mexico,892363.0,304627.9918050341,304.6279918050341,Low
18.95012,-102.58197,2026-05-17,1913,h,53.76,2026,5,17,740,Morelia,Mexico,1002461.0,182622.5294962778,182.6225294962778,Low
20.20175,-101.92216,2026-05-17,1913,h,64.84,2026,5,17,1236,Irapuato,Mexico,592953.0,84306.10805095152,84.30610805095152,Moderate
20.77861,-104.57359,2026-05-17,1913,h,135.26,2026,5,17,521,Zapopan,Mexico,1476491.0,130851.14244539404,130.85114244539403,Low
20.89573,-97.3835,2026-05-17,1913,n,88.39,2026,5,17,486,Puebla,Mexico,1576259.0,237882.75099953794,237.88275099953793,Low
20.89826,-104.64896,2026-05-17,1913,h,80.47,2026,5,17,521,Zapopan,Mexico,1476491.0,140704.73220149524,140.70473220149523,Low
21.24485,-88.21085,2026-05-17,1913,n,71.12,2026,5,17,841,Cancún,Mexico,888797.0,152100.45521715074,152.10045521715074,Low
21.72081,-99.40994,2026-05-17,1913,h,68.21,2026,5,17,929,Querétaro,Mexico,794789.0,173985.79065773307,173.98579065773308,Low
23.08927,-105.67273,2026-05-17,1913,n,62.01,2026,5,17,1427,Mazatlán,Mexico,501441.0,84243.13433351625,84.24313433351625,Moderate
23.09129,-105.66505,2026-05-17,1913,h,92.24,2026,5,17,1427,Mazatlán,Mexico,501441.0,85039.76736450325,85.03976736450325,Moderate
23.09217,-105.67103,2026-05-17,1913,n,58.02,2026,5,17,1427,Mazatlán,Mexico,501441.0,84365.7605934604,84.36576059346041,Moderate
23.09397,-105.66402,2026-05-17,1913,h,58.02,2026,5,17,1427,Mazatlán,Mexico,501441.0,85095.35457534254,85.09535457534254,Moderate
23.23953,-102.69013,2026-05-17,1913,n,52.85,2026,5,17,800,Aguascalientes,Mexico,934424.0,170122.41588476815,170.12241588476815,Low
23.24067,-102.68533,2026-05-17,1913,h,52.85,2026,5,17,800,Aguascalientes,Mexico,934424.0,170118.9457009351,170.1189457009351,Low
23.24181,-102.68051,2026-05-17,1913,h,99.06,2026,5,17,800,Aguascalientes,Mexico,934424.0,170116.70684963587,170.11670684963588,Low
23.24543,-102.69173,2026-05-17,1913,n,52.85,2026,5,17,800,Aguascalientes,Mexico,934424.0,170858.96649191182,170.85896649191181,Low
23.24656,-102.68694,2026-05-17,1913,h,52.85,2026,5,17,800,Aguascalientes,Mexico,934424.0,170854.64990130742,170.85464990130743,Low
23.78589,-101.8886,2026-05-17,1913,h,55.84,2026,5,17,947,San Luis Potosí,Mexico,772828.0,222236.45929238526,222.23645929238526,Low
30.57561,-86.26038,2026-05-17,1915,n,180.2,2026,5,17,941,Birmingham,United States,778756.0,392404.74902028445,392.40474902028444,Low
33.59763,-105.29865,2026-05-17,1917,n,228.02,2026,5,17,954,Albuquerque,United States,767499.0,252683.25471058712,252.6832547105871,Low
33.59785,-105.32036,2026-05-17,1917,n,200.28,2026,5,17,954,Albuquerque,United States,767499.0,251231.93732542504,251.23193732542504,Low
33.60431,-105.2955,2026-05-17,1917,h,127.15,2026,5,17,954,Albuquerque,United States,767499.0,252174.4283324592,252.1744283324592,Low
33.60934,-105.29868,2026-05-17,1917,n,56.59,2026,5,17,954,Albuquerque,United States,767499.0,251423.675003013,251.423675003013,Low
33.61338,-105.30569,2026-05-17,1917,h,56.59,2026,5,17,954,Albuquerque,United States,767499.0,250524.8605825216,250.5248605825216,Low
33.61436,-105.3019,2026-05-17,1917,n,56.59,2026,5,17,954,Albuquerque,United States,767499.0,250671.35817673345,250.67135817673346,Low
33.61944,-105.30494,2026-05-17,1917,h,102.82,2026,5,17,954,Albuquerque,United States,767499.0,249924.60224013435,249.92460224013436,Low
33.62139,-105.29742,2026-05-17,1917,n,52.88,2026,5,17,954,Albuquerque,United States,767499.0,250217.16870150424,250.21716870150425,Low
33.62549,-105.3042,2026-05-17,1917,n,52.88,2026,5,17,954,Albuquerque,United States,767499.0,249325.91611277114,249.32591611277115,Low
33.62647,-105.30041,2026-05-17,1917,n,52.88,2026,5,17,954,Albuquerque,United States,767499.0,249474.23360524004,249.47423360524004,Low
33.6692,-105.29361,2026-05-17,1917,h,67.28,2026,5,17,954,Albuquerque,United States,767499.0,245393.68686572943,245.39368686572942,Low
33.67259,-105.30515,2026-05-17,1917,h,65.0,2026,5,17,954,Albuquerque,United States,767499.0,244248.38886614426,244.24838886614427,Low
36.98537,-102.99407,2026-05-17,1917,h,51.89,2026,5,17,1144,Colorado Springs,United States,638421.0,330491.5270736619,330.4915270736619,Low
37.00031,-102.60469,2026-05-17,1917,h,64.38,2026,5,17,1144,Colorado Springs,United States,638421.0,356438.5005620377,356.4385005620377,Low
37.0046,-102.60623,2026-05-17,1917,n,64.38,2026,5,17,1144,Colorado Springs,United States,638421.0,355881.0401379219,355.8810401379219,Low
37.00579,-102.60098,2026-05-17,1917,h,64.38,2026,5,17,1144,Colorado Springs,United States,638421.0,356152.7101329305,356.1527101329305,Low
37.00697,-102.59572,2026-05-17,1917,h,155.54,2026,5,17,1144,Colorado Springs,United States,638421.0,356426.9863716918,356.4269863716918,Low
37.01009,-102.60246,2026-05-17,1917,h,120.68,2026,5,17,1144,Colorado Springs,United States,638421.0,355599.3397220466,355.59933972204664,Low
37.01128,-102.5972,2026-05-17,1917,h,250.09,2026,5,17,1144,Colorado Springs,United States,638421.0,355873.0151757799,355.87301517577987,Low
37.01172,-102.59531,2026-05-17,1917,h,301.57,2026,5,17,1144,Colorado Springs,United States,638421.0,355970.27968537464,355.97027968537463,Low
37.01246,-102.59192,2026-05-17,1917,n,250.09,2026,5,17,1144,Colorado Springs,United States,638421.0,356150.0524483866,356.15005244838665,Low
37.01322,-102.60921,2026-05-17,1917,n,120.68,2026,5,17,1144,Colorado Springs,United States,638421.0,354770.08906309487,354.7700890630949,Low
37.0136,-102.6073,2026-05-17,1917,n,213.67,2026,5,17,1144,Colorado Springs,United States,638421.0,354874.58091009944,354.87458091009944,Low
37.0144,-102.60396,2026-05-17,1917,h,120.68,2026,5,17,1144,Colorado Springs,United States,638421.0,355043.6377890187,355.0436377890187,Low
37.01559,-102.59866,2026-05-17,1917,h,250.09,2026,5,17,1144,Colorado Springs,United States,638421.0,355320.75550438056,355.32075550438054,Low
37.01603,-102.59676,2026-05-17,1917,n,301.57,2026,5,17,1144,Colorado Springs,United States,638421.0,355418.93048704887,355.4189304870489,Low
37.01677,-102.59338,2026-05-17,1917,n,250.09,2026,5,17,1144,Colorado Springs,United States,638421.0,355598.22549908236,355.59822549908233,Low
37.10135,-100.23513,2026-05-17,1917,h,72.07,2026,5,17,1426,Wichita,United States,501760.0,332190.66535392177,332.19066535392176,Low
37.1664,-100.2555,2026-05-17,1917,h,110.61,2026,5,17,1426,Wichita,United States,501760.0,332265.8639166732,332.2658639166732,Low
21.26983,-103.62341,2026-05-17,2053,h,75.01,2026,5,17,521,Zapopan,Mexico,1476491.0,70485.48639462964,70.48548639462965,Moderate
21.2704,-103.62606,2026-05-17,2053,h,108.73,2026,5,17,521,Zapopan,Mexico,1476491.0,70653.73267000841,70.65373267000841,Moderate
23.77177,-101.89235,2026-05-17,2053,h,162.17,2026,5,17,947,San Luis Potosí,Mexico,772828.0,220902.57175802256,220.90257175802256,Low
23.77261,-101.87932,2026-05-17,2053,n,99.64,2026,5,17,947,San Luis Potosí,Mexico,772828.0,220327.51236511295,220.32751236511297,Low
23.77271,-101.88375,2026-05-17,2053,n,113.88,2026,5,17,947,San Luis Potosí,Mexico,772828.0,220563.8072881365,220.5638072881365,Low
23.77303,-101.87285,2026-05-17,2053,h,99.64,2026,5,17,947,San Luis Potosí,Mexico,772828.0,220045.2951827283,220.0452951827283,Low
23.77309,-101.87727,2026-05-17,2053,n,113.88,2026,5,17,947,San Luis Potosí,Mexico,772828.0,220275.44455762624,220.27544455762623,Low
23.77347,-101.8708,2026-05-17,2053,h,81.2,2026,5,17,947,San Luis Potosí,Mexico,772828.0,219989.58299226908,219.98958299226908,Low
18.07022,-102.55481,2026-05-17,2055,n,66.05,2026,5,17,740,Morelia,Mexico,1002461.0,251070.7245075501,251.0707245075501,Low
18.70257,-100.80245,2026-05-17,2055,h,55.24,2026,5,17,740,Morelia,Mexico,1002461.0,132831.74513280994,132.83174513280994,Low
26.0929,-106.2542,2026-05-17,2055,h,147.1,2026,5,17,911,Culiacán,Mexico,808416.0,203059.47659508837,203.05947659508837,Low
26.25773,-106.55718,2026-05-17,2055,h,73.37,2026,5,17,911,Culiacán,Mexico,808416.0,201776.49376935948,201.7764937693595,Low
33.59186,-105.30862,2026-05-17,2057,h,411.39,2026,5,17,954,Albuquerque,United States,767499.0,252648.28839774037,252.64828839774037,Low
33.59232,-105.29848,2026-05-17,2057,n,248.54,2026,5,17,954,Albuquerque,United States,767499.0,253265.80355372417,253.26580355372417,Low
33.59739,-105.32336,2026-05-17,2057,n,137.41,2026,5,17,954,Albuquerque,United States,767499.0,251085.6324493446,251.0856324493446,Low
33.59858,-105.29704,2026-05-17,2057,h,248.54,2026,5,17,954,Albuquerque,United States,767499.0,252687.61510164975,252.68761510164975,Low
33.60241,-105.34902,2026-05-17,2057,n,51.28,2026,5,17,954,Albuquerque,United States,767499.0,248874.03445332803,248.87403445332802,Low
33.60836,-105.35424,2026-05-17,2057,n,51.28,2026,5,17,954,Albuquerque,United States,767499.0,247889.16346789445,247.88916346789446,Low
33.609,-105.34038,2026-05-17,2057,h,72.65,2026,5,17,954,Albuquerque,United States,767499.0,248718.28724076127,248.71828724076127,Low
33.61668,-105.30832,2026-05-17,2057,n,87.0,2026,5,17,954,Albuquerque,United States,767499.0,249996.1508798562,249.9961508798562,Low
33.61726,-105.29571,2026-05-17,2057,h,104.28,2026,5,17,954,Albuquerque,United States,767499.0,250773.0798733226,250.7730798733226,Low
33.62326,-105.30016,2026-05-17,2057,n,87.0,2026,5,17,954,Albuquerque,United States,767499.0,249834.1628870564,249.83416288705638,Low
33.62355,-105.29383,2026-05-17,2057,h,104.28,2026,5,17,954,Albuquerque,United States,767499.0,250226.54964882132,250.22654964882133,Low
33.64577,-105.33635,2026-05-17,2057,h,56.36,2026,5,17,954,Albuquerque,United States,767499.0,245013.538249831,245.01353824983102,Low
33.64603,-105.33035,2026-05-17,2057,n,56.36,2026,5,17,954,Albuquerque,United States,767499.0,245383.8144827866,245.38381448278662,Low
33.65225,-105.32954,2026-05-17,2057,h,56.36,2026,5,17,954,Albuquerque,United States,767499.0,244771.07803655035,244.77107803655034,Low
33.65244,-105.33854,2026-05-17,2057,n,82.45,2026,5,17,954,Albuquerque,United States,767499.0,244151.93568415192,244.1519356841519,Low
33.66665,-105.30158,2026-05-17,2057,h,56.27,2026,5,17,954,Albuquerque,United States,767499.0,245120.15970524788,245.1201597052479,Low
33.66694,-105.29559,2026-05-17,2057,n,56.27,2026,5,17,954,Albuquerque,United States,767499.0,245497.34099400928,245.49734099400928,Low
33.66723,-105.28967,2026-05-17,2057,h,192.63,2026,5,17,954,Albuquerque,United States,767499.0,245870.97101058625,245.87097101058626,Low
33.66753,-105.28362,2026-05-17,2057,n,192.63,2026,5,17,954,Albuquerque,United States,767499.0,246253.66575191065,246.25366575191066,Low
33.66783,-105.27748,2026-05-17,2057,h,104.8,2026,5,17,954,Albuquerque,United States,767499.0,246643.8025154519,246.6438025154519,Low
33.67221,-105.2982,2026-05-17,2057,n,235.23,2026,5,17,954,Albuquerque,United States,767499.0,244762.27819517136,244.76227819517135,Low
33.67287,-105.3013,2026-05-17,2057,n,56.27,2026,5,17,954,Albuquerque,United States,767499.0,244481.02483240498,244.48102483240498,Low
33.67298,-105.2803,2026-05-17,2057,h,179.69,2026,5,17,954,Albuquerque,United States,767499.0,245908.27436425106,245.90827436425107,Low
33.67317,-105.29527,2026-05-17,2057,n,56.27,2026,5,17,954,Albuquerque,United States,767499.0,244861.0849262996,244.8610849262996,Low
33.67376,-105.28346,2026-05-17,2057,h,192.63,2026,5,17,954,Albuquerque,United States,767499.0,245608.82157508394,245.60882157508394,Low
33.67405,-105.2774,2026-05-17,2057,h,104.8,2026,5,17,954,Albuquerque,United States,767499.0,245995.6965408824,245.9956965408824,Low
33.6792,-105.28027,2026-05-17,2057,h,179.69,2026,5,17,954,Albuquerque,United States,767499.0,245257.05943892698,245.25705943892697,Low
33.95671,-120.00352,2026-05-17,2057,h,148.56,2026,5,17,33,Los Angeles,United States,11885717.0,178999.06295506627,178.99906295506628,Low
33.95678,-119.98199,2026-05-17,2057,h,209.41,2026,5,17,33,Los Angeles,United States,11885717.0,176618.2339729537,176.6182339729537,Low
33.95798,-120.01685,2026-05-17,2057,n,84.1,2026,5,17,33,Los Angeles,United States,11885717.0,180452.7612941065,180.4527612941065,Low
33.96061,-120.02179,2026-05-17,2057,h,84.1,2026,5,17,33,Los Angeles,United States,11885717.0,180958.40540302524,180.95840540302524,Low
33.96128,-120.01764,2026-05-17,2057,n,84.1,2026,5,17,33,Los Angeles,United States,11885717.0,180489.19581157103,180.48919581157102,Low
36.99467,-103.00859,2026-05-17,2057,n,101.45,2026,5,17,1144,Colorado Springs,United States,638421.0,328488.49344572163,328.48849344572164,Low
30.75145,48.28247,2026-05-17,2129,n,58.79,2026,5,17,562,Al Başrah,Iraq,1326564.0,60844.28898438887,60.84428898438887,Moderate
23.54773,53.32314,2026-05-17,2131,h,66.64,2026,5,17,517,Abu Dhabi,United Arab Emirates,1483000.0,161358.44975848423,161.35844975848423,Low
27.5619,52.55843,2026-05-17,2312,h,135.97,2026,5,17,491,Shīrāz,Iran,1565572.0,259672.0526432181,259.6720526432181,Low
27.56305,52.56891,2026-05-17,2312,n,113.19,2026,5,17,491,Shīrāz,Iran,1565572.0,259538.24275552042,259.5382427555204,Low
54.61429,160.2939,2026-05-18,28,h,50.48,2026,5,18,423,Sapporo,Japan,1959313.0,2882724.7349665314,2882.7247349665313,Low
54.61592,160.29819,2026-05-18,28,h,50.48,2026,5,18,423,Sapporo,Japan,1959313.0,2883287.7090779934,2883.2877090779934,Low
54.61751,160.30238,2026-05-18,28,h,52.15,2026,5,18,423,Sapporo,Japan,1959313.0,2883837.308813416,2883.837308813416,Low
55.96662,160.6032,2026-05-18,28,h,325.51,2026,5,18,423,Sapporo,Japan,1959313.0,3092898.6168016284,3092.8986168016286,Low
55.96844,160.60811,2026-05-18,28,h,325.51,2026,5,18,423,Sapporo,Japan,1959313.0,3093538.3438788727,3093.5383438788726,Low
55.96997,160.60693,2026-05-18,28,h,455.28,2026,5,18,423,Sapporo,Japan,1959313.0,3093666.8064599135,3093.6668064599135,Low
55.97007,160.61247,2026-05-18,28,h,142.64,2026,5,18,423,Sapporo,Japan,1959313.0,3094108.4163255165,3094.1084163255164,Low
-41.13688,147.94064,2026-05-18,321,n,50.08,2026,5,18,127,Melbourne,Australia,5031195.0,582779.6827550096,582.7796827550096,Low
-41.13688,147.94147,2026-05-18,321,n,73.84,2026,5,18,127,Melbourne,Australia,5031195.0,582832.2378300793,582.8322378300793,Low
-41.13237,147.93271,2026-05-18,321,n,89.91,2026,5,18,127,Melbourne,Australia,5031195.0,581729.4377447534,581.7294377447535,Low
-41.0676,147.83974,2026-05-18,321,n,64.86,2026,5,18,127,Melbourne,Australia,5031195.0,567983.5407632077,567.9835407632077,Low
-37.94519,141.6113,2026-05-18,323,h,64.29,2026,5,18,127,Melbourne,Australia,5031195.0,373577.74457458174,373.57774457458174,Low
50.49161,130.13593,2026-05-18,349,n,67.24,2026,5,18,851,Yichun,China,878881.0,491734.274833623,491.73427483362303,Low
50.4927,130.14178,2026-05-18,349,h,67.24,2026,5,18,851,Yichun,China,878881.0,492107.85373289447,492.10785373289445,Low
50.49496,130.1344,2026-05-18,349,n,67.24,2026,5,18,851,Yichun,China,878881.0,492244.90382770466,492.24490382770466,Low
50.49605,130.14024,2026-05-18,349,h,67.24,2026,5,18,851,Yichun,China,878881.0,492617.783393698,492.617783393698,Low
50.49714,130.14607,2026-05-18,349,n,53.52,2026,5,18,851,Yichun,China,878881.0,492990.98817681405,492.990988176814,Low
50.49809,130.1707,2026-05-18,349,n,58.7,2026,5,18,851,Yichun,China,878881.0,493964.52880248067,493.9645288024807,Low
50.50036,130.16336,2026-05-18,349,n,104.59,2026,5,18,851,Yichun,China,878881.0,494099.50629562023,494.09950629562024,Low
50.50143,130.16911,2026-05-18,349,h,58.7,2026,5,18,851,Yichun,China,878881.0,494469.27533175546,494.46927533175545,Low
50.50251,130.17491,2026-05-18,349,n,58.7,2026,5,18,851,Yichun,China,878881.0,494843.010656266,494.843010656266,Low
50.50811,130.16599,2026-05-18,349,n,162.37,2026,5,18,851,Yichun,China,878881.0,495481.59090023587,495.48159090023586,Low
50.50919,130.1718,2026-05-18,349,h,162.37,2026,5,18,851,Yichun,China,878881.0,495854.9147688633,495.8549147688633,Low
50.51027,130.17758,2026-05-18,349,n,63.72,2026,5,18,851,Yichun,China,878881.0,496227.8755524666,496.2278755524666,Low
50.52674,130.2077,2026-05-18,349,n,124.48,2026,5,18,851,Yichun,China,878881.0,499989.51994463825,499.98951994463823,Low
50.5366,130.20735,2026-05-18,349,n,132.22,2026,5,18,851,Yichun,China,878881.0,501622.84611265984,501.62284611265983,Low
50.53785,130.20894,2026-05-18,349,n,185.42,2026,5,18,851,Yichun,China,878881.0,501885.152432053,501.885152432053,Low
50.53885,130.20001,2026-05-18,349,n,56.12,2026,5,18,851,Yichun,China,878881.0,501751.4267398675,501.7514267398675,Low
50.73298,130.37123,2026-05-18,349,n,115.56,2026,5,18,851,Yichun,China,878881.0,540043.1355874651,540.0431355874651,Low
51.08044,130.12912,2026-05-18,349,n,64.05,2026,5,18,851,Yichun,China,878881.0,591457.8219145837,591.4578219145836,Low
51.08152,130.13492,2026-05-18,349,n,64.05,2026,5,18,851,Yichun,China,878881.0,591800.3024145891,591.800302414589,Low
51.5285,127.9937,2026-05-18,349,n,89.39,2026,5,18,851,Yichun,China,878881.0,660365.3985647188,660.3653985647188,Low
51.69181,128.02736,2026-05-18,349,n,54.14,2026,5,18,851,Yichun,China,878881.0,688849.5624706679,688.8495624706679,Low
52.31025,127.51548,2026-05-18,349,n,63.06,2026,5,18,851,Yichun,China,878881.0,808278.5514286716,808.2785514286716,Low
52.61632,127.18517,2026-05-18,349,n,64.33,2026,5,18,851,Yichun,China,878881.0,870360.3676042847,870.3603676042846,Low
52.61739,127.45415,2026-05-18,349,n,81.23,2026,5,18,851,Yichun,China,878881.0,864707.5105844853,864.7075105844852,Low
52.6187,127.46059,2026-05-18,349,h,81.23,2026,5,18,851,Yichun,China,878881.0,864816.1763774647,864.8161763774647,Low
52.62083,127.45223,2026-05-18,349,n,81.23,2026,5,18,851,Yichun,China,878881.0,865366.2977146746,865.3662977146746,Low
52.62215,127.45871,2026-05-18,349,h,81.23,2026,5,18,851,Yichun,China,878881.0,865475.9101995183,865.4759101995184,Low
53.13686,126.51249,2026-05-18,349,n,51.65,2026,5,18,851,Yichun,China,878881.0,981478.2438368463,981.4782438368463,Low
53.19186,127.37134,2026-05-18,349,n,60.76,2026,5,18,851,Yichun,China,878881.0,970729.1728439402,970.7291728439402,Low
53.30399,127.2723,2026-05-18,349,n,76.53,2026,5,18,851,Yichun,China,878881.0,993177.105465981,993.177105465981,Low
53.30871,127.27692,2026-05-18,349,n,76.53,2026,5,18,851,Yichun,China,878881.0,993952.5234543653,993.9525234543653,Low
53.33645,126.89355,2026-05-18,349,n,54.24,2026,5,18,851,Yichun,China,878881.0,1007357.4154895713,1007.3574154895713,Low
61.34931,112.80883,2026-05-18,351,n,93.35,2026,5,18,1165,Irkutsk,Russia,623736.0,2082861.0428496604,2082.8610428496604,Low
60.43009,96.24984,2026-05-18,353,n,118.29,2026,5,18,686,Krasnoyarsk,Russia,1092851.0,1008648.262643508,1008.648262643508,Low
60.44109,96.25167,2026-05-18,353,n,65.68,2026,5,18,686,Krasnoyarsk,Russia,1092851.0,1011027.3431653117,1011.0273431653118,Low
60.77989,97.07127,2026-05-18,353,n,56.27,2026,5,18,686,Krasnoyarsk,Russia,1092851.0,1117721.5827436037,1117.7215827436037,Low
60.84154,97.35301,2026-05-18,353,n,62.81,2026,5,18,686,Krasnoyarsk,Russia,1092851.0,1143844.2449605512,1143.8442449605511,Low
-37.96342,141.61327,2026-05-18,504,n,63.37,2026,5,18,127,Melbourne,Australia,5031195.0,373494.90844707744,373.4949084470774,Low
-37.9619,141.61952,2026-05-18,504,n,63.37,2026,5,18,127,Melbourne,Australia,5031195.0,372788.2139287123,372.7882139287123,Low
-37.95882,141.61154,2026-05-18,504,n,63.37,2026,5,18,127,Melbourne,Australia,5031195.0,373651.16592449415,373.65116592449414,Low
-37.95731,141.61775,2026-05-18,504,h,63.37,2026,5,18,127,Melbourne,Australia,5031195.0,372949.3053712951,372.94930537129505,Low
-34.73769,138.9357,2026-05-18,506,n,94.84,2026,5,18,545,Adelaide,Australia,1387290.0,45377.94945978038,45.37794945978038,High
-34.47631,135.86113,2026-05-18,506,n,115.06,2026,5,18,545,Adelaide,Australia,1387290.0,310950.303951985,310.950303951985,Low
-18.97697,121.81047,2026-05-18,510,n,57.32,2026,5,18,1091,Denpasar,Indonesia,670210.0,1391368.6620388036,1391.3686620388037,Low
-18.97203,121.80273,2026-05-18,510,n,77.37,2026,5,18,1091,Denpasar,Indonesia,670210.0,1390420.8621081163,1390.4208621081164,Low
-18.9685,121.79855,2026-05-18,510,h,410.04,2026,5,18,1091,Denpasar,Indonesia,670210.0,1389822.7373005534,1389.8227373005534,Low
-18.9659,121.78707,2026-05-18,510,n,69.24,2026,5,18,1091,Denpasar,Indonesia,670210.0,1388890.7708530612,1388.8907708530612,Low
-18.96142,121.79021,2026-05-18,510,n,69.24,2026,5,18,1091,Denpasar,Indonesia,670210.0,1388625.7454456137,1388.6257454456138,Low
-14.49087,129.8439,2026-05-18,512,n,55.39,2026,5,18,557,Makassar,Indonesia,1338663.0,1571108.7643985471,1571.108764398547,Low
-11.20514,132.05127,2026-05-18,512,n,99.84,2026,5,18,557,Makassar,Indonesia,1338663.0,1563937.2689696979,1563.937268969698,Low
51.50454,128.00995,2026-05-18,529,n,87.89,2026,5,18,851,Yichun,China,878881.0,655865.892662202,655.865892662202,Low
51.51128,128.00957,2026-05-18,529,h,87.89,2026,5,18,851,Yichun,China,878881.0,657065.2910585477,657.0652910585477,Low
51.51325,128.01166,2026-05-18,529,h,91.62,2026,5,18,851,Yichun,China,878881.0,657381.4398447693,657.3814398447693,Low
51.52018,128.00217,2026-05-18,529,n,91.62,2026,5,18,851,Yichun,China,878881.0,658757.7862278052,658.7577862278052,Low
52.23484,127.50194,2026-05-18,529,n,64.71,2026,5,18,851,Yichun,China,878881.0,795075.4636350629,795.0754636350629,Low
52.24146,127.50211,2026-05-18,529,n,64.71,2026,5,18,851,Yichun,China,878881.0,796254.0076646834,796.2540076646834,Low
52.24157,127.49326,2026-05-18,529,n,52.41,2026,5,18,851,Yichun,China,878881.0,796458.642772994,796.458642772994,Low
52.24796,127.51104,2026-05-18,529,n,102.87,2026,5,18,851,Yichun,China,878881.0,797229.6998192153,797.2296998192153,Low
52.24807,127.50233,2026-05-18,529,n,102.87,2026,5,18,851,Yichun,China,878881.0,797429.976386622,797.4299763866219,Low
52.25227,127.50351,2026-05-18,529,h,198.02,2026,5,18,851,Yichun,China,878881.0,798155.7109027086,798.1557109027086,Low
52.25468,127.50242,2026-05-18,529,h,102.87,2026,5,18,851,Yichun,China,878881.0,798608.8986224993,798.6088986224993,Low
52.25479,127.49374,2026-05-18,529,n,99.2,2026,5,18,851,Yichun,China,878881.0,798809.4006845466,798.8094006845465,Low
52.62614,127.19686,2026-05-18,529,h,64.94,2026,5,18,851,Yichun,China,878881.0,871846.1705609774,871.8461705609774,Low
52.65276,127.09467,2026-05-18,529,h,75.04,2026,5,18,851,Yichun,China,878881.0,879066.7279488177,879.0667279488176,Low
52.65928,127.09505,2026-05-18,529,h,75.04,2026,5,18,851,Yichun,China,878881.0,880224.3145576102,880.2243145576102,Low
52.6594,127.08643,2026-05-18,529,n,75.04,2026,5,18,851,Yichun,China,878881.0,880458.1657042349,880.4581657042348,Low
52.65992,127.09886,2026-05-18,529,n,73.15,2026,5,18,851,Yichun,China,878881.0,880245.334313934,880.245334313934,Low
52.66001,127.09025,2026-05-18,529,n,73.15,2026,5,18,851,Yichun,China,878881.0,880473.1051447944,880.4731051447944,Low
53.00079,126.68495,2026-05-18,529,h,139.26,2026,5,18,851,Yichun,China,878881.0,952167.4151944519,952.1674151944519,Low
53.00721,126.68493,2026-05-18,529,h,66.63,2026,5,18,851,Yichun,China,878881.0,953317.3098355196,953.3173098355196,Low
53.0073,126.67645,2026-05-18,529,n,50.59,2026,5,18,851,Yichun,China,878881.0,953571.5216241532,953.5715216241532,Low
53.05175,126.7287,2026-05-18,529,n,84.19,2026,5,18,851,Yichun,China,878881.0,960093.3727836531,960.0933727836531,Low
53.05183,126.72018,2026-05-18,529,n,84.19,2026,5,18,851,Yichun,China,878881.0,960340.460562703,960.340460562703,Low
53.05245,126.73371,2026-05-18,529,h,84.44,2026,5,18,851,Yichun,China,878881.0,960082.6418112549,960.0826418112549,Low
53.05269,126.71654,2026-05-18,529,n,150.13,2026,5,18,851,Yichun,China,878881.0,960594.5218277758,960.5945218277758,Low
53.53021,127.24421,2026-05-18,529,h,57.12,2026,5,18,851,Yichun,China,878881.0,1035331.8009528333,1035.3318009528332,Low
53.53677,127.24419,2026-05-18,529,n,57.12,2026,5,18,851,Yichun,China,878881.0,1036542.6175661166,1036.5426175661166,Low
53.53692,127.23512,2026-05-18,529,n,88.85,2026,5,18,851,Yichun,China,878881.0,1036743.9177700852,1036.743917770085,Low
60.42582,96.50466,2026-05-18,533,n,113.83,2026,5,18,686,Krasnoyarsk,Russia,1092851.0,1018679.1894336202,1018.6791894336202,Low
60.77912,97.07175,2026-05-18,533,n,67.14,2026,5,18,686,Krasnoyarsk,Russia,1092851.0,1117584.445944447,1117.584445944447,Low
-38.04538,-71.99258,2026-05-18,618,n,51.49,2026,5,18,1020,Concepción,Chile,719944.0,207399.6257435472,207.3996257435472,Low
-38.04491,-71.99773,2026-05-18,618,n,51.49,2026,5,18,1020,Concepción,Chile,719944.0,207019.60639642776,207.01960639642775,Low
-33.09389,117.41599,2026-05-18,648,n,67.58,2026,5,18,388,Perth,Australia,2141834.0,229331.40769077165,229.33140769077164,Low
-30.36932,116.05986,2026-05-18,648,h,58.65,2026,5,18,388,Perth,Australia,2141834.0,207597.9402637964,207.5979402637964,Low
-29.86238,115.3275,2026-05-18,648,n,104.51,2026,5,18,388,Perth,Australia,2141834.0,278023.3079557592,278.0233079557592,Low
-29.85963,115.33885,2026-05-18,648,h,137.37,2026,5,18,388,Perth,Australia,2141834.0,278102.0426355292,278.1020426355292,Low
-29.85621,115.32938,2026-05-18,648,n,104.51,2026,5,18,388,Perth,Australia,2141834.0,278752.7477094321,278.7527477094321,Low
20.82966,104.17529,2026-05-18,701,n,60.88,2026,5,18,51,Hanoi,Vietnam,8587100.0,187529.79867538673,187.52979867538673,Low
20.787,101.54823,2026-05-18,703,h,92.39,2026,5,18,1138,Jinghong,China,642737.0,168346.97050920388,168.34697050920389,Low
45.43672,74.6025,2026-05-18,709,n,137.69,2026,5,18,655,Bishkek,Kyrgyzstan,1145044.0,398853.8697332065,398.8538697332065,Low
45.44114,74.60027,2026-05-18,709,n,50.77,2026,5,18,655,Bishkek,Kyrgyzstan,1145044.0,399552.66691747867,399.5526669174787,Low
60.43672,96.25735,2026-05-18,714,h,84.14,2026,5,18,686,Krasnoyarsk,Russia,1092851.0,1010347.8628997541,1010.3478628997541,Low
23.27069,54.25775,2026-05-18,845,n,61.07,2026,5,18,517,Abu Dhabi,United Arab Emirates,1483000.0,146098.81318141893,146.09881318141893,Low
23.27184,54.26258,2026-05-18,845,h,61.07,2026,5,18,517,Abu Dhabi,United Arab Emirates,1483000.0,145916.24684293743,145.91624684293743,Low
24.85825,53.61853,2026-05-18,845,n,51.88,2026,5,18,517,Abu Dhabi,United Arab Emirates,1483000.0,96108.9217798567,96.1089217798567,Moderate
24.88012,53.07188,2026-05-18,845,h,116.04,2026,5,18,517,Abu Dhabi,United Arab Emirates,1483000.0,152777.46001098293,152.77746001098294,Low
24.9025,53.03002,2026-05-18,845,h,51.99,2026,5,18,517,Abu Dhabi,United Arab Emirates,1483000.0,158087.71726443854,158.08771726443854,Low
25.16002,52.87202,2026-05-18,845,h,104.94,2026,5,18,632,Doha,Qatar,1186023.0,149838.68442402012,149.83868442402013,Low
30.2175,78.84404,2026-05-18,845,h,86.17,2026,5,18,1261,Dehra Dūn,India,578420.0,92206.48751390795,92.20648751390796,Moderate
27.56395,52.55773,2026-05-18,848,h,65.76,2026,5,18,491,Shīrāz,Iran,1565572.0,259414.11620654978,259.41411620654975,Low
31.2728,48.11481,2026-05-18,848,h,78.35,2026,5,18,565,Ahvāz,Iran,1325000.0,62864.911012965626,62.86491101296563,Moderate
52.09846,57.81257,2026-05-18,854,h,128.15,2026,5,18,1353,Orenburg,Russia,536862.0,307277.98565102596,307.277985651026,Low
52.52631,42.15948,2026-05-18,854,h,51.9,2026,5,18,709,Voronezh,Russia,1051995.0,362967.6610055542,362.9676610055542,Low
52.5302,42.17255,2026-05-18,854,h,68.33,2026,5,18,709,Voronezh,Russia,1051995.0,364587.2259922781,364.5872259922781,Low
52.53091,42.15588,2026-05-18,854,n,51.9,2026,5,18,709,Voronezh,Russia,1051995.0,362965.56792577595,362.96556792577593,Low
52.53221,42.16026,2026-05-18,854,n,51.9,2026,5,18,709,Voronezh,Russia,1051995.0,363508.0562124578,363.5080562124578,Low
52.5335,42.16463,2026-05-18,854,h,68.33,2026,5,18,709,Voronezh,Russia,1051995.0,364048.7569334163,364.0487569334163,Low
-18.18362,44.37076,2026-05-18,1015,n,51.85,2026,5,18,586,Antananarivo,Madagascar,1275207.0,361338.6579876071,361.3386579876071,Low
-18.18196,44.37008,2026-05-18,1015,n,52.22,2026,5,18,586,Antananarivo,Madagascar,1275207.0,361458.16730582586,361.45816730582584,Low
21.33488,39.33122,2026-05-18,1026,h,77.84,2026,5,18,140,Jeddah,Saudi Arabia,4697000.0,30484.81710898637,30.484817108986373,High
23.27587,54.25567,2026-05-18,1026,n,149.7,2026,5,18,517,Abu Dhabi,United Arab Emirates,1483000.0,145492.7648442822,145.49276484428222,Low
22.40501,28.84318,2026-05-18,1028,n,54.78,2026,5,18,1402,Abū Ţisht,Egypt,514535.0,580504.2728581808,580.5042728581808,Low
22.40619,28.84822,2026-05-18,1028,h,77.83,2026,5,18,1402,Abū Ţisht,Egypt,514535.0,580043.409557061,580.0434095570611,Low
24.87683,53.07794,2026-05-18,1028,h,118.69,2026,5,18,517,Abu Dhabi,United Arab Emirates,1483000.0,152007.2622806289,152.0072622806289,Low
25.15881,52.87361,2026-05-18,1028,h,140.29,2026,5,18,632,Doha,Qatar,1186023.0,150030.25969138136,150.03025969138136,Low
25.17752,52.87712,2026-05-18,1028,n,68.85,2026,5,18,632,Doha,Qatar,1186023.0,150195.517355324,150.195517355324,Low
28.04686,34.23964,2026-05-18,1028,h,198.09,2026,5,18,846,Tabūk,Saudi Arabia,886036.0,264140.04824342905,264.140048243429,Low
28.0476,34.24344,2026-05-18,1028,h,224.13,2026,5,18,846,Tabūk,Saudi Arabia,886036.0,263707.3757538607,263.7073757538607,Low
30.74984,48.28664,2026-05-18,1028,n,77.33,2026,5,18,562,Al Başrah,Iraq,1326564.0,61142.10473613912,61.14210473613912,Moderate
30.75479,48.28607,2026-05-18,1028,n,77.33,2026,5,18,562,Al Başrah,Iraq,1326564.0,61408.46900872703,61.40846900872703,Moderate
31.00248,48.14539,2026-05-18,1028,n,119.73,2026,5,18,565,Ahvāz,Iran,1325000.0,71166.90074634126,71.16690074634126,Moderate
31.08934,47.79207,2026-05-18,1028,n,57.17,2026,5,18,562,Al Başrah,Iraq,1326564.0,74462.28874592402,74.46228874592401,Moderate
31.2739,48.11276,2026-05-18,1028,n,136.01,2026,5,18,565,Ahvāz,Iran,1325000.0,63083.34459726018,63.08334459726018,Moderate
31.62016,48.79576,2026-05-18,1028,h,65.31,2026,5,18,1062,Borvāyeh-ye Al Bū ‘Azīz,Iran,690000.0,20183.5801105671,20.183580110567103,Very High
58.24173,43.53429,2026-05-18,1036,n,72.8,2026,5,18,615,Nizhniy Novgorod,Russia,1204985.0,398001.9280656814,398.0019280656814,Low
-31.15211,28.31329,2026-05-18,1151,h,75.42,2026,5,18,890,Pietermaritzburg,South Africa,839327.0,303908.5249280323,303.9085249280323,Low
-31.1515,28.31731,2026-05-18,1151,n,75.42,2026,5,18,890,Pietermaritzburg,South Africa,839327.0,303517.56915046496,303.51756915046496,Low
-31.1488,28.31262,2026-05-18,1151,h,61.21,2026,5,18,890,Pietermaritzburg,South Africa,839327.0,303684.5969117494,303.6845969117494,Low
-31.1482,28.31664,2026-05-18,1151,n,61.21,2026,5,18,890,Pietermaritzburg,South Africa,839327.0,303294.20446533675,303.29420446533675,Low
-29.25461,30.43279,2026-05-18,1153,n,100.55,2026,5,18,890,Pietermaritzburg,South Africa,839327.0,46609.21285620615,46.60921285620615,High
-27.92398,29.74019,2026-05-18,1153,n,82.77,2026,5,18,1416,Newcastle,South Africa,507710.0,30975.140059745892,30.975140059745893,High
-27.91987,29.74369,2026-05-18,1153,n,82.77,2026,5,18,1416,Newcastle,South Africa,507710.0,30331.84468566807,30.33184468566807,High
-27.24959,30.79818,2026-05-18,1153,n,76.6,2026,5,18,1416,Newcastle,South Africa,507710.0,114749.83173582672,114.74983173582672,Low
-27.07666,30.6003,2026-05-18,1153,n,52.41,2026,5,18,1416,Newcastle,South Africa,507710.0,112137.847003239,112.137847003239,Low
-27.07588,30.60479,2026-05-18,1153,n,103.36,2026,5,18,1416,Newcastle,South Africa,507710.0,112542.50638983752,112.54250638983753,Low
-27.016,31.24372,2026-05-18,1153,n,161.38,2026,5,18,1416,Newcastle,South Africa,507710.0,172279.99178662192,172.2799917866219,Low
-26.8576,30.54049,2026-05-18,1153,h,199.15,2026,5,18,1416,Newcastle,South Africa,507710.0,130284.96381272959,130.2849638127296,Low
-26.85682,30.54496,2026-05-18,1153,n,199.15,2026,5,18,1416,Newcastle,South Africa,507710.0,130627.04813981317,130.62704813981316,Low
-17.34444,31.0335,2026-05-18,1155,n,62.59,2026,5,18,495,Harare,Zimbabwe,1558823.0,56647.60033727561,56.64760033727561,Moderate
-14.37498,26.25102,2026-05-18,1157,n,80.2,2026,5,18,452,Lusaka,Zambia,1747152.0,256087.17033112518,256.08717033112515,Low
-14.3107,26.30243,2026-05-18,1157,n,71.21,2026,5,18,452,Lusaka,Zambia,1747152.0,254658.76372875134,254.65876372875132,Low
-14.31008,26.30624,2026-05-18,1157,n,112.13,2026,5,18,452,Lusaka,Zambia,1747152.0,254327.28803699996,254.32728803699996,Low
-14.30667,26.30565,2026-05-18,1157,h,112.13,2026,5,18,452,Lusaka,Zambia,1747152.0,254580.6327186171,254.5806327186171,Low
-14.30326,26.30507,2026-05-18,1157,n,147.37,2026,5,18,452,Lusaka,Zambia,1747152.0,254833.37973052147,254.83337973052147,Low
-14.28084,26.24659,2026-05-18,1157,n,64.23,2026,5,18,452,Lusaka,Zambia,1747152.0,261757.16018256452,261.7571601825645,Low
-14.28024,26.25038,2026-05-18,1157,n,64.23,2026,5,18,452,Lusaka,Zambia,1747152.0,261426.30713161934,261.42630713161935,Low
-14.22791,26.24931,2026-05-18,1157,n,58.45,2026,5,18,452,Lusaka,Zambia,1747152.0,264588.5116548101,264.58851165481013,Low
-12.52456,22.14905,2026-05-18,1157,n,61.12,2026,5,18,1407,Cuito,Angola,512706.0,580837.9203800501,580.83792038005,Low
-10.73354,26.92692,2026-05-18,1157,n,103.75,2026,5,18,443,Lubumbashi,Congo (Kinshasa),1786397.0,122264.23007762906,122.26423007762907,Low
-9.00956,17.16087,2026-05-18,1200,h,54.34,2026,5,18,1212,Malanje,Angola,604215.0,107878.04345155215,107.87804345155214,Low
-8.80963,17.04363,2026-05-18,1200,n,61.45,2026,5,18,1212,Malanje,Angola,604215.0,112343.36009444493,112.34336009444493,Low
-8.70382,18.55397,2026-05-18,1200,n,96.56,2026,5,18,1212,Malanje,Angola,604215.0,262564.41006790753,262.56441006790754,Low
-8.69831,18.55591,2026-05-18,1200,n,73.47,2026,5,18,1212,Malanje,Angola,604215.0,262987.70099589706,262.98770099589706,Low
-8.58773,23.40962,2026-05-18,1200,n,69.81,2026,5,18,271,Mbuji-Mayi,Congo (Kinshasa),2892000.0,274467.5074937788,274.4675074937788,Low
-8.34028,24.71426,2026-05-18,1200,n,70.55,2026,5,18,1271,Kabinda,Congo (Kinshasa),572000.0,249405.04438980177,249.40504438980176,Low
-8.33689,24.71373,2026-05-18,1200,n,82.68,2026,5,18,1271,Kabinda,Congo (Kinshasa),572000.0,249019.56162202,249.01956162202,Low
-8.13608,23.60472,2026-05-18,1200,n,81.82,2026,5,18,271,Mbuji-Mayi,Congo (Kinshasa),2892000.0,222830.87927586777,222.83087927586777,Low
-8.1121,24.77981,2026-05-18,1200,n,61.93,2026,5,18,1271,Kabinda,Congo (Kinshasa),572000.0,224863.5543903796,224.86355439037962,Low
-7.66308,25.08735,2026-05-18,1200,n,200.4,2026,5,18,1271,Kabinda,Congo (Kinshasa),572000.0,184727.93558088175,184.72793558088176,Low
-7.56627,25.12325,2026-05-18,1200,n,73.6,2026,5,18,1271,Kabinda,Congo (Kinshasa),572000.0,176240.4886859878,176.2404886859878,Low
-7.56403,25.11496,2026-05-18,1200,n,82.65,2026,5,18,1271,Kabinda,Congo (Kinshasa),572000.0,175637.25696039907,175.63725696039907,Low
-7.56342,25.11882,2026-05-18,1200,n,82.65,2026,5,18,1271,Kabinda,Congo (Kinshasa),572000.0,175747.97778495145,175.74797778495144,Low
-6.77928,19.56104,2026-05-18,1200,n,52.25,2026,5,18,738,Tshikapa,Congo (Kinshasa),1006387.0,143780.89718611355,143.78089718611355,Low
-6.7757,19.56052,2026-05-18,1200,n,52.25,2026,5,18,738,Tshikapa,Congo (Kinshasa),1006387.0,143723.5718608533,143.7235718608533,Low
-6.30849,25.41705,2026-05-18,1200,n,67.18,2026,5,18,1271,Kabinda,Congo (Kinshasa),572000.0,106209.5140743949,106.2095140743949,Low
-6.16783,25.25155,2026-05-18,1200,n,65.88,2026,5,18,1271,Kabinda,Congo (Kinshasa),572000.0,85992.92838275182,85.99292838275183,Moderate
-5.92145,24.73711,2026-05-18,1200,n,61.34,2026,5,18,1271,Kabinda,Congo (Kinshasa),572000.0,36934.47971178231,36.93447971178231,High
-5.57522,25.4241,2026-05-18,1200,n,88.15,2026,5,18,1271,Kabinda,Congo (Kinshasa),572000.0,122063.33275987857,122.06333275987856,Low
-5.5635,26.43278,2026-05-18,1200,n,51.84,2026,5,18,1271,Kabinda,Congo (Kinshasa),572000.0,226437.0839265637,226.4370839265637,Low
-5.5597,26.43218,2026-05-18,1200,n,51.84,2026,5,18,1271,Kabinda,Congo (Kinshasa),572000.0,226492.35066749444,226.49235066749443,Low
-5.47496,25.84638,2026-05-18,1200,n,60.2,2026,5,18,1271,Kabinda,Congo (Kinshasa),572000.0,168842.9894639682,168.8429894639682,Low
-5.4653,27.74049,2026-05-18,1200,n,57.49,2026,5,18,1009,Uvira,Congo (Kinshasa),726000.0,278927.74693057354,278.92774693057356,Low
-5.46468,27.74428,2026-05-18,1200,n,57.49,2026,5,18,1009,Uvira,Congo (Kinshasa),726000.0,278633.2632097068,278.6332632097068,Low
-5.39894,18.17176,2026-05-18,1200,n,74.75,2026,5,18,738,Tshikapa,Congo (Kinshasa),1006387.0,313964.3918566788,313.96439185667884,Low
-5.39769,28.8762,2026-05-18,1200,n,136.43,2026,5,18,1009,Uvira,Congo (Kinshasa),726000.0,225123.0994030769,225.12309940307688,Low
-5.37701,26.67937,2026-05-18,1200,n,126.36,2026,5,18,1271,Kabinda,Congo (Kinshasa),572000.0,258922.21507028473,258.9222150702847,Low
-5.34949,18.16502,2026-05-18,1200,n,52.35,2026,5,18,738,Tshikapa,Congo (Kinshasa),1006387.0,316707.0532552315,316.70705325523153,Low
-5.34503,18.16898,2026-05-18,1200,n,52.35,2026,5,18,738,Tshikapa,Congo (Kinshasa),1006387.0,316487.4430143387,316.48744301433874,Low
-5.33477,28.08129,2026-05-18,1200,n,71.68,2026,5,18,1009,Uvira,Congo (Kinshasa),726000.0,246609.04021494777,246.60904021494778,Low
-5.28852,18.13355,2026-05-18,1200,n,84.05,2026,5,18,782,Kibanseke Première,Congo (Kinshasa),946372.0,319190.6204616852,319.19062046168517,Low
-5.28402,18.13769,2026-05-18,1200,n,73.28,2026,5,18,782,Kibanseke Première,Congo (Kinshasa),946372.0,319482.3002847162,319.4823002847162,Low
-5.28333,18.14228,2026-05-18,1200,n,73.28,2026,5,18,782,Kibanseke Première,Congo (Kinshasa),946372.0,319947.9605977623,319.9479605977623,Low
-5.27951,18.14187,2026-05-18,1200,n,73.28,2026,5,18,782,Kibanseke Première,Congo (Kinshasa),946372.0,319779.10146853514,319.77910146853515,Low
-5.26823,28.27206,2026-05-18,1200,n,220.71,2026,5,18,1009,Uvira,Congo (Kinshasa),726000.0,230337.8827601382,230.3378827601382,Low
-5.26811,25.87414,2026-05-18,1200,n,141.49,2026,5,18,1271,Kabinda,Congo (Kinshasa),572000.0,182709.62327263155,182.70962327263155,Low
-5.26754,28.27619,2026-05-18,1200,n,69.83,2026,5,18,1009,Uvira,Congo (Kinshasa),726000.0,230073.28324079138,230.07328324079137,Low
-5.2422,26.59589,2026-05-18,1200,n,66.57,2026,5,18,1271,Kabinda,Congo (Kinshasa),572000.0,255623.33116292523,255.62333116292524,Low
-5.23758,26.60003,2026-05-18,1200,n,66.57,2026,5,18,1271,Kabinda,Congo (Kinshasa),572000.0,256248.818832106,256.248818832106,Low
-5.07765,26.4135,2026-05-18,1200,h,51.82,2026,5,18,1271,Kabinda,Congo (Kinshasa),572000.0,245321.3959855467,245.3213959855467,Low
-5.07458,26.40819,2026-05-18,1200,n,51.82,2026,5,18,1271,Kabinda,Congo (Kinshasa),572000.0,244968.1041171812,244.9681041171812,Low
-4.64353,24.63167,2026-05-18,1200,n,52.81,2026,5,18,1271,Kabinda,Congo (Kinshasa),572000.0,167067.1824001235,167.0671824001235,Low
-4.52637,24.61725,2026-05-18,1200,n,64.22,2026,5,18,1271,Kabinda,Congo (Kinshasa),572000.0,179945.71736996554,179.94571736996554,Low
-4.29987,27.46888,2026-05-18,1200,n,58.42,2026,5,18,1009,Uvira,Congo (Kinshasa),726000.0,212372.80563592754,212.37280563592753,Low
-4.29928,27.47259,2026-05-18,1200,n,58.42,2026,5,18,1009,Uvira,Congo (Kinshasa),726000.0,211977.78389293735,211.97778389293737,Low
-4.29516,27.4719,2026-05-18,1200,n,58.42,2026,5,18,1009,Uvira,Congo (Kinshasa),726000.0,211828.20834316086,211.82820834316087,Low
-4.28112,26.58948,2026-05-18,1200,n,60.45,2026,5,18,1009,Uvira,Congo (Kinshasa),726000.0,301512.4814326903,301.51248143269027,Low
-4.2031,27.56885,2026-05-18,1200,n,113.27,2026,5,18,1009,Uvira,Congo (Kinshasa),726000.0,197505.47730058347,197.50547730058346,Low
7.76758,30.08392,2026-05-18,1204,h,66.3,2026,5,18,828,Bunia,Congo (Kinshasa),900666.0,693164.5937412203,693.1645937412203,Low
8.79983,29.08236,2026-05-18,1204,h,52.32,2026,5,18,828,Bunia,Congo (Kinshasa),900666.0,819415.5995692122,819.4155995692122,Low
12.83953,13.97711,2026-05-18,1206,n,58.95,2026,5,18,912,N’Djamena,Chad,807000.0,145365.76628100846,145.36576628100846,Low
10.07742,-13.72678,2026-05-18,1346,n,91.52,2026,5,18,469,Conakry,Guinea,1667864.0,64210.13795124348,64.21013795124348,Moderate
10.45357,-12.80827,2026-05-18,1346,n,71.03,2026,5,18,469,Conakry,Guinea,1667864.0,146695.65793234468,146.6956579323447,Low
10.51062,-14.00109,2026-05-18,1346,n,77.16,2026,5,18,469,Conakry,Guinea,1667864.0,117681.60830767667,117.68160830767667,Low
10.51155,-13.9959,2026-05-18,1346,n,77.16,2026,5,18,469,Conakry,Guinea,1667864.0,117626.4644784313,117.6264644784313,Low
10.51331,-13.98615,2026-05-18,1346,n,51.91,2026,5,18,469,Conakry,Guinea,1667864.0,117532.14542310045,117.53214542310045,Low
10.51523,-14.00213,2026-05-18,1346,n,77.16,2026,5,18,469,Conakry,Guinea,1667864.0,118215.32722183374,118.21532722183373,Low
10.59715,-14.20544,2026-05-18,1346,n,52.12,2026,5,18,469,Conakry,Guinea,1667864.0,134699.39531514025,134.69939531514026,Low
10.63466,-14.18548,2026-05-18,1346,n,227.55,2026,5,18,469,Conakry,Guinea,1667864.0,137724.3596863886,137.7243596863886,Low
10.63548,-14.18086,2026-05-18,1346,n,227.55,2026,5,18,469,Conakry,Guinea,1667864.0,137614.38070805822,137.6143807080582,Low
10.70147,-13.98983,2026-05-18,1346,n,58.45,2026,5,18,469,Conakry,Guinea,1667864.0,138313.94238971637,138.31394238971637,Low
10.70238,-13.98487,2026-05-18,1346,n,58.45,2026,5,18,469,Conakry,Guinea,1667864.0,138292.19423263505,138.29219423263504,Low
10.70332,-13.9797,2026-05-18,1346,n,119.77,2026,5,18,469,Conakry,Guinea,1667864.0,138271.0071207644,138.2710071207644,Low
10.70612,-13.99057,2026-05-18,1346,n,58.45,2026,5,18,469,Conakry,Guinea,1667864.0,138845.83636169517,138.84583636169518,Low
10.70791,-13.98069,2026-05-18,1346,h,119.77,2026,5,18,469,Conakry,Guinea,1667864.0,138802.54650519698,138.80254650519697,Low
10.7088,-13.97578,2026-05-18,1346,n,119.77,2026,5,18,469,Conakry,Guinea,1667864.0,138784.42895556608,138.78442895556609,Low
10.71078,-13.99119,2026-05-18,1346,n,104.1,2026,5,18,469,Conakry,Guinea,1667864.0,139375.87540750197,139.37587540750198,Low
10.71251,-13.98167,2026-05-18,1346,h,141.87,2026,5,18,469,Conakry,Guinea,1667864.0,139334.9604264353,139.33496042643532,Low
10.71339,-13.97682,2026-05-18,1346,n,141.87,2026,5,18,469,Conakry,Guinea,1667864.0,139317.1675468672,139.31716754686718,Low
10.71541,-13.99199,2026-05-18,1346,n,104.1,2026,5,18,469,Conakry,Guinea,1667864.0,139907.0862822267,139.9070862822267,Low
10.71626,-13.98732,2026-05-18,1346,n,104.1,2026,5,18,469,Conakry,Guinea,1667864.0,139886.23644042236,139.88623644042235,Low
10.71711,-13.98259,2026-05-18,1346,n,141.87,2026,5,18,469,Conakry,Guinea,1667864.0,139865.94477314773,139.86594477314773,Low
10.71798,-13.97782,2026-05-18,1346,n,141.87,2026,5,18,469,Conakry,Guinea,1667864.0,139848.97238305974,139.84897238305973,Low
10.84722,-14.26657,2026-05-18,1346,n,120.5,2026,5,18,469,Conakry,Guinea,1667864.0,163432.02136793546,163.43202136793548,Low
10.84768,-14.27381,2026-05-18,1346,n,69.36,2026,5,18,469,Conakry,Guinea,1667864.0,163786.24089909717,163.78624089909718,Low
10.9293,-13.83033,2026-05-18,1346,n,90.85,2026,5,18,469,Conakry,Guinea,1667864.0,161174.81583586082,161.1748158358608,Low
10.98219,-14.16151,2026-05-18,1346,n,120.07,2026,5,18,469,Conakry,Guinea,1667864.0,173979.12565936026,173.97912565936025,Low
11.44502,-14.0388,2026-05-18,1346,n,97.19,2026,5,18,469,Conakry,Guinea,1667864.0,222154.56254614744,222.15456254614745,Low
11.44598,-14.0336,2026-05-18,1346,n,97.19,2026,5,18,469,Conakry,Guinea,1667864.0,222168.17378795176,222.16817378795176,Low
11.44931,-14.04092,2026-05-18,1346,n,77.47,2026,5,18,469,Conakry,Guinea,1667864.0,222673.921133082,222.67392113308202,Low
11.4496,-14.03965,2026-05-18,1346,n,97.19,2026,5,18,469,Conakry,Guinea,1667864.0,222683.22569298785,222.68322569298786,Low
11.45053,-14.03457,2026-05-18,1346,h,97.19,2026,5,18,469,Conakry,Guinea,1667864.0,222695.6044247586,222.6956044247586,Low
11.4511,-14.03077,2026-05-18,1346,n,50.06,2026,5,18,469,Conakry,Guinea,1667864.0,222691.74401683745,222.69174401683745,Low
11.45478,-14.03674,2026-05-18,1346,n,77.47,2026,5,18,469,Conakry,Guinea,1667864.0,223210.99919290474,223.21099919290475,Low
11.53907,-14.73223,2026-05-18,1346,n,85.19,2026,5,18,469,Conakry,Guinea,1667864.0,256361.64520428143,256.36164520428144,Low
11.55998,-12.55046,2026-05-18,1346,n,52.22,2026,5,18,469,Conakry,Guinea,1667864.0,265801.44602133567,265.80144602133566,Low
11.56412,-12.55116,2026-05-18,1346,n,84.76,2026,5,18,469,Conakry,Guinea,1667864.0,266174.673024215,266.174673024215,Low
11.5648,-12.54721,2026-05-18,1346,h,84.76,2026,5,18,469,Conakry,Guinea,1667864.0,266455.9552404125,266.4559552404125,Low
11.56547,-12.54333,2026-05-18,1346,n,148.0,2026,5,18,469,Conakry,Guinea,1667864.0,266732.89498867013,266.7328949886701,Low
11.5683,-12.55168,2026-05-18,1346,n,84.76,2026,5,18,469,Conakry,Guinea,1667864.0,266561.9228049272,266.56192280492724,Low
11.56894,-12.5479,2026-05-18,1346,n,84.76,2026,5,18,469,Conakry,Guinea,1667864.0,266829.6744165251,266.8296744165251,Low
11.5696,-12.54412,2026-05-18,1346,n,148.0,2026,5,18,469,Conakry,Guinea,1667864.0,267099.8255632791,267.09982556327907,Low
11.58855,-12.16721,2026-05-18,1346,n,82.04,2026,5,18,469,Conakry,Guinea,1667864.0,291588.1151468052,291.5881151468052,Low
11.58916,-12.16366,2026-05-18,1346,n,102.46,2026,5,18,469,Conakry,Guinea,1667864.0,291877.3155249733,291.8773155249733,Low
11.59316,-12.16459,2026-05-18,1346,h,102.46,2026,5,18,469,Conakry,Guinea,1667864.0,292183.18851694703,292.18318851694704,Low
11.74368,-13.69799,2026-05-18,1346,n,119.48,2026,5,18,469,Conakry,Guinea,1667864.0,253103.5443205333,253.1035443205333,Low
11.76237,-14.00835,2026-05-18,1346,n,133.08,2026,5,18,469,Conakry,Guinea,1667864.0,257344.10027608508,257.3441002760851,Low
11.82045,-13.67948,2026-05-18,1346,n,55.15,2026,5,18,469,Conakry,Guinea,1667864.0,261853.86070512247,261.8538607051225,Low
11.82207,-13.67024,2026-05-18,1346,h,110.69,2026,5,18,469,Conakry,Guinea,1667864.0,262054.40393122646,262.0544039312265,Low
11.82285,-13.66584,2026-05-18,1346,n,110.69,2026,5,18,469,Conakry,Guinea,1667864.0,262152.2858369684,262.1522858369684,Low
11.82569,-13.67573,2026-05-18,1346,n,55.15,2026,5,18,469,Conakry,Guinea,1667864.0,262455.8859830299,262.45588598302993,Low
11.8265,-13.67114,2026-05-18,1346,n,110.69,2026,5,18,469,Conakry,Guinea,1667864.0,262556.3972316959,262.5563972316959,Low
11.82727,-13.66673,2026-05-18,1346,n,110.69,2026,5,18,469,Conakry,Guinea,1667864.0,262652.96115600335,262.65296115600336,Low
12.18602,-14.09859,2026-05-18,1348,n,102.96,2026,5,18,469,Conakry,Guinea,1667864.0,306466.7619611493,306.4667619611493,Low
13.69753,-13.23504,2026-05-18,1348,n,61.85,2026,5,18,1368,Touba,Senegal,529176.0,323954.6298375507,323.95462983755067,Low
13.71012,-10.53217,2026-05-18,1348,h,112.0,2026,5,18,167,Bamako,Mali,4227569.0,307821.3290531289,307.8213290531289,Low
13.71299,-10.53697,2026-05-18,1348,h,73.84,2026,5,18,167,Bamako,Mali,4227569.0,308442.1548893072,308.44215488930723,Low
13.71369,-10.53278,2026-05-18,1348,h,73.84,2026,5,18,167,Bamako,Mali,4227569.0,308045.6108621271,308.0456108621271,Low
14.17925,-4.30863,2026-05-18,1348,n,113.03,2026,5,18,822,Bobo-Dioulasso,Burkina Faso,903887.0,341901.04016845126,341.9010401684513,Low
14.19007,-10.53328,2026-05-18,1348,h,94.87,2026,5,18,167,Bamako,Mali,4227569.0,333545.43919428415,333.54543919428414,Low
14.80346,-4.1227,2026-05-18,1348,n,53.8,2026,5,18,254,Ouagadougou,Burkina Faso,3063271.0,401536.4632146962,401.5364632146962,Low
55.9627,160.60016,2026-05-18,1418,h,1625.73,2026,5,18,423,Sapporo,Japan,1959313.0,3092101.9528904622,3092.101952890462,Low
55.96272,160.60561,2026-05-18,1418,h,219.37,2026,5,18,423,Sapporo,Japan,1959313.0,3092525.2103750966,3092.525210375097,Low
55.96275,160.61057,2026-05-18,1418,n,219.37,2026,5,18,423,Sapporo,Japan,1959313.0,3092912.15809226,3092.9121580922597,Low
55.96793,160.59004,2026-05-18,1418,h,1131.12,2026,5,18,423,Sapporo,Japan,1959313.0,3092071.8332227403,3092.07183322274,Low
55.96797,160.6165,2026-05-18,1418,n,342.4,2026,5,18,423,Sapporo,Japan,1959313.0,3094118.1069594887,3094.1181069594886,Low
55.96882,160.61371,2026-05-18,1418,h,219.37,2026,5,18,423,Sapporo,Japan,1959313.0,3094024.780174315,3094.024780174315,Low
55.96884,160.61839,2026-05-18,1418,n,50.1,2026,5,18,423,Sapporo,Japan,1959313.0,3094388.669312748,3094.3886693127483,Low
55.96264,160.60678,2026-05-18,1601,h,59.8,2026,5,18,423,Sapporo,Japan,1959313.0,3092603.996719336,3092.603996719336,Low
55.96598,160.6167,2026-05-18,1601,n,94.46,2026,5,18,423,Sapporo,Japan,1959313.0,3093848.1949216174,3093.8481949216175,Low
55.96616,160.60849,2026-05-18,1601,n,59.8,2026,5,18,423,Sapporo,Japan,1959313.0,3093240.654211685,3093.240654211685,Low
55.96791,160.6077,2026-05-18,1601,h,94.46,2026,5,18,423,Sapporo,Japan,1959313.0,3093430.7036602064,3093.4307036602063,Low
55.96801,160.59947,2026-05-18,1601,n,59.8,2026,5,18,423,Sapporo,Japan,1959313.0,3092810.3637636486,3092.8103637636486,Low
55.96944,160.61874,2026-05-18,1601,n,94.46,2026,5,18,423,Sapporo,Japan,1959313.0,3094501.711481027,3094.5017114810266,Low
55.96965,160.61037,2026-05-18,1601,h,194.08,2026,5,18,423,Sapporo,Japan,1959313.0,3093886.2051001904,3093.88620510019,Low
55.96981,160.59872,2026-05-18,1601,n,62.17,2026,5,18,423,Sapporo,Japan,1959313.0,3093010.7796596014,3093.010779659601,Low
-12.30617,-53.21954,2026-05-18,1702,n,118.27,2026,5,18,685,Goiânia,Brazil,1093007.0,669140.2988689658,669.1402988689658,Low
-12.30284,-53.22005,2026-05-18,1702,n,51.24,2026,5,18,685,Goiânia,Brazil,1093007.0,669463.0273960768,669.4630273960768,Low
-12.06824,-45.28442,2026-05-18,1702,n,72.77,2026,5,18,685,Goiânia,Brazil,1093007.0,690374.8306090693,690.3748306090694,Low
-12.0637,-45.28533,2026-05-18,1702,n,72.77,2026,5,18,685,Goiânia,Brazil,1093007.0,690706.9756823676,690.7069756823676,Low
-11.27388,-49.47869,2026-05-18,1705,n,50.12,2026,5,18,685,Goiânia,Brazil,1093007.0,620989.50063937,620.9895006393699,Low
-7.94871,-49.29786,2026-05-18,1705,n,63.76,2026,5,18,582,Belém,Brazil,1280614.0,730984.9401409281,730.9849401409282,Low
8.55959,-62.72911,2026-05-18,1709,n,72.26,2026,5,18,755,Ciudad Guayana,Venezuela,978202.0,23427.058139831985,23.427058139831985,Very High
8.56025,-62.7252,2026-05-18,1709,h,72.26,2026,5,18,755,Ciudad Guayana,Venezuela,978202.0,23336.27395092849,23.33627395092849,Very High
8.58778,-62.68977,2026-05-18,1709,n,63.87,2026,5,18,755,Ciudad Guayana,Venezuela,978202.0,25273.163501005212,25.27316350100521,High
9.62127,-63.72191,2026-05-18,1709,n,105.38,2026,5,18,1134,Maturín,Venezuela,647459.0,61727.448989538236,61.72744898953824,Moderate
38.0303,-77.12471,2026-05-18,1717,h,65.14,2026,5,18,690,Richmond,United States,1081248.0,80628.89870533657,80.62889870533657,Moderate
-37.76872,-61.64806,2026-05-18,1836,n,54.32,2026,5,18,1071,Mar del Plata,Argentina,682605.0,457358.7626756787,457.3587626756787,Low
-37.76586,-61.63597,2026-05-18,1836,n,94.67,2026,5,18,1071,Mar del Plata,Argentina,682605.0,456045.3349379548,456.0453349379548,Low
-37.2319,-73.11055,2026-05-18,1838,n,60.68,2026,5,18,1020,Concepción,Chile,719944.0,56676.86436301544,56.67686436301544,Moderate
-37.22847,-73.11111,2026-05-18,1838,n,56.92,2026,5,18,1020,Concepción,Chile,719944.0,56207.92365097005,56.20792365097005,Moderate
-36.75683,-72.66226,2026-05-18,1838,n,77.14,2026,5,18,1020,Concepción,Chile,719944.0,44440.425991774224,44.44042599177423,High
-36.75348,-72.663,2026-05-18,1838,n,73.79,2026,5,18,1020,Concepción,Chile,719944.0,44466.544025196716,44.46654402519672,High
-28.98017,-57.46593,2026-05-18,1838,h,55.19,2026,5,18,584,Rosario,Argentina,1276000.0,625791.0654178108,625.7910654178108,Low
15.01771,-88.48186,2026-05-18,1851,n,80.68,2026,5,18,1021,San Pedro Sula,Honduras,719064.0,75926.27251050016,75.92627251050016,Moderate
16.21552,-91.60693,2026-05-18,1851,n,56.66,2026,5,18,1259,Tuxtla,Mexico,578830.0,179267.76700568158,179.26776700568158,Low
16.66436,-91.34214,2026-05-18,1851,n,131.04,2026,5,18,1259,Tuxtla,Mexico,578830.0,197810.3690747466,197.81036907474657,Low
16.67205,-89.48798,2026-05-18,1851,h,239.0,2026,5,18,1021,San Pedro Sula,Honduras,719064.0,211593.2324566095,211.59323245660948,Low
16.77254,-90.02453,2026-05-18,1851,n,54.33,2026,5,18,257,Guatemala City,Guatemala,3014000.0,252357.02184261885,252.35702184261885,Low
16.77595,-90.02927,2026-05-18,1851,n,54.33,2026,5,18,257,Guatemala City,Guatemala,3014000.0,252631.11548635204,252.63111548635203,Low
16.77668,-90.0253,2026-05-18,1851,n,54.33,2026,5,18,257,Guatemala City,Guatemala,3014000.0,252808.63463338767,252.80863463338767,Low
16.93167,-90.13714,2026-05-18,1851,n,64.73,2026,5,18,257,Guatemala City,Guatemala,3014000.0,268219.6409572072,268.21964095720716,Low
17.0006,-89.14075,2026-05-18,1851,n,81.22,2026,5,18,1021,San Pedro Sula,Honduras,719064.0,213208.80058415316,213.20880058415315,Low
17.14521,-90.18719,2026-05-18,1851,n,81.38,2026,5,18,257,Guatemala City,Guatemala,3014000.0,292058.22016358486,292.05822016358485,Low
17.25544,-90.39152,2026-05-18,1851,n,103.93,2026,5,18,257,Guatemala City,Guatemala,3014000.0,302941.9765120494,302.9419765120494,Low
16.92902,-94.10617,2026-05-18,1853,h,56.16,2026,5,18,1259,Tuxtla,Mexico,578830.0,112037.94892557267,112.03794892557266,Low
17.01663,-95.57265,2026-05-18,1853,h,124.34,2026,5,18,1259,Tuxtla,Mexico,578830.0,275112.55285031855,275.11255285031854,Low
17.0182,-95.57207,2026-05-18,1853,h,120.92,2026,5,18,1259,Tuxtla,Mexico,578830.0,275068.84639532777,275.0688463953278,Low
17.02214,-95.57551,2026-05-18,1853,h,98.96,2026,5,18,1259,Tuxtla,Mexico,578830.0,275501.1606232319,275.5011606232319,Low
17.47432,-91.92158,2026-05-18,1853,n,100.38,2026,5,18,1259,Tuxtla,Mexico,578830.0,157361.23130308796,157.36123130308795,Low
17.75898,-92.9178,2026-05-18,1853,n,74.01,2026,5,18,1259,Tuxtla,Mexico,578830.0,119359.98832787751,119.3599883278775,Low
17.83104,-91.13816,2026-05-18,1853,n,58.81,2026,5,18,1259,Tuxtla,Mexico,578830.0,253601.82001591183,253.60182001591184,Low
17.8354,-91.13902,2026-05-18,1853,n,58.81,2026,5,18,1259,Tuxtla,Mexico,578830.0,253771.88733675584,253.77188733675584,Low
17.8389,-93.11552,2026-05-18,1853,h,72.45,2026,5,18,1259,Tuxtla,Mexico,578830.0,126632.34404817686,126.63234404817686,Low
17.89184,-88.78419,2026-05-18,1853,n,65.23,2026,5,18,1021,San Pedro Sula,Honduras,719064.0,289881.12079048704,289.88112079048705,Low
17.89247,-92.49217,2026-05-18,1853,n,135.13,2026,5,18,1259,Tuxtla,Mexico,578830.0,149983.94158923,149.98394158923,Low
17.8934,-92.48988,2026-05-18,1853,n,209.3,2026,5,18,1259,Tuxtla,Mexico,578830.0,150198.60418591741,150.19860418591742,Low
17.89477,-88.78972,2026-05-18,1853,n,65.23,2026,5,18,1021,San Pedro Sula,Honduras,719064.0,290388.879581007,290.388879581007,Low
17.89824,-92.48779,2026-05-18,1853,n,110.6,2026,5,18,1259,Tuxtla,Mexico,578830.0,150808.07389543738,150.8080738954374,Low
17.90104,-88.77597,2026-05-18,1853,n,64.78,2026,5,18,1021,San Pedro Sula,Honduras,719064.0,290646.1912090798,290.6461912090798,Low
17.90314,-88.78632,2026-05-18,1853,n,318.94,2026,5,18,1021,San Pedro Sula,Honduras,719064.0,291214.7389913803,291.21473899138033,Low
17.90397,-88.78149,2026-05-18,1853,n,64.78,2026,5,18,1021,San Pedro Sula,Honduras,719064.0,291151.64293529035,291.15164293529034,Low
17.90481,-88.77667,2026-05-18,1853,n,64.78,2026,5,18,1021,San Pedro Sula,Honduras,719064.0,291090.99966616847,291.09099966616844,Low
18.08711,-90.45712,2026-05-18,1853,n,57.84,2026,5,18,1259,Tuxtla,Mexico,578830.0,334498.4754707782,334.4984754707782,Low
18.08976,-90.46594,2026-05-18,1853,n,528.6,2026,5,18,1259,Tuxtla,Mexico,578830.0,333774.6893430131,333.7746893430131,Low
18.09051,-90.46194,2026-05-18,1853,n,528.6,2026,5,18,1259,Tuxtla,Mexico,578830.0,334209.4208799652,334.2094208799652,Low
18.09126,-90.45793,2026-05-18,1853,n,57.84,2026,5,18,1259,Tuxtla,Mexico,578830.0,334645.1879297569,334.6451879297569,Low
18.12309,-90.26414,2026-05-18,1853,n,57.61,2026,5,18,835,Mérida,Mexico,892363.0,343591.4228611761,343.59142286117606,Low
18.15829,-90.30356,2026-05-18,1853,n,77.8,2026,5,18,835,Mérida,Mexico,892363.0,340519.2726740647,340.51927267406467,Low
18.16168,-90.3083,2026-05-18,1853,n,77.8,2026,5,18,835,Mérida,Mexico,892363.0,340251.2744478348,340.2512744478348,Low
18.21186,-89.0292,2026-05-18,1853,n,53.9,2026,5,18,835,Mérida,Mexico,892363.0,332051.2656014779,332.0512656014779,Low
18.29881,-91.88233,2026-05-18,1853,n,51.4,2026,5,18,1259,Tuxtla,Mexico,578830.0,226839.7058387243,226.8397058387243,Low
18.29975,-91.87747,2026-05-18,1853,n,51.4,2026,5,18,1259,Tuxtla,Mexico,578830.0,227255.4101631769,227.2554101631769,Low
18.30333,-91.88328,2026-05-18,1853,n,51.4,2026,5,18,1259,Tuxtla,Mexico,578830.0,227197.67749740512,227.19767749740512,Low
18.5328,-90.99283,2026-05-18,1853,n,54.14,2026,5,18,1259,Tuxtla,Mexico,578830.0,314859.9566570652,314.8599566570652,Low
18.53706,-90.99371,2026-05-18,1853,n,54.14,2026,5,18,1259,Tuxtla,Mexico,578830.0,315117.022275878,315.117022275878,Low
18.53786,-90.98946,2026-05-18,1853,n,81.66,2026,5,18,1259,Tuxtla,Mexico,578830.0,315534.06569224957,315.53406569224956,Low
18.56748,-90.54808,2026-05-18,1853,n,116.76,2026,5,18,835,Mérida,Mexico,892363.0,302173.2050617766,302.1732050617766,Low
18.57089,-90.55288,2026-05-18,1853,n,116.76,2026,5,18,835,Mérida,Mexico,892363.0,301981.0839064533,301.98108390645325,Low
20.0149,-89.90879,2026-05-18,1853,n,73.33,2026,5,18,835,Mérida,Mexico,892363.0,117692.92467661215,117.69292467661215,Low
20.90671,-89.45975,2026-05-18,1853,n,110.47,2026,5,18,835,Mérida,Mexico,892363.0,18878.0584508903,18.8780584508903,Very High
31.51829,-88.79482,2026-05-18,1856,h,131.03,2026,5,18,808,New Orleans,United States,918752.0,226332.40730349027,226.33240730349027,Low
31.53209,-88.79363,2026-05-18,1856,h,113.1,2026,5,18,808,New Orleans,United States,918752.0,227903.9015386459,227.9039015386459,Low
31.85784,-82.62205,2026-05-18,1856,n,60.01,2026,5,18,577,Jacksonville,United States,1303156.0,224624.40684569997,224.62440684569998,Low
31.86572,-82.62325,2026-05-18,1856,n,121.76,2026,5,18,577,Jacksonville,United States,1303156.0,225599.37761147454,225.59937761147455,Low
32.08829,-82.76941,2026-05-18,1856,n,129.0,2026,5,18,577,Jacksonville,United States,1303156.0,259027.25507340132,259.0272550734013,Low
32.09285,-82.76412,2026-05-18,1856,n,129.0,2026,5,18,577,Jacksonville,United States,1303156.0,259280.23992307927,259.28023992307925,Low
32.26203,-84.45693,2026-05-18,1856,n,74.39,2026,5,18,121,Atlanta,United States,5211164.0,199278.60021868994,199.27860021868995,Low
32.31128,-85.78667,2026-05-18,1856,n,110.5,2026,5,18,941,Birmingham,United States,778756.0,196682.4069971607,196.68240699716068,Low
33.58471,-105.29204,2026-05-18,1858,n,51.54,2026,5,18,954,Albuquerque,United States,767499.0,254509.7809555201,254.5097809555201,Low
33.59326,-105.28861,2026-05-18,1858,n,58.81,2026,5,18,954,Albuquerque,United States,767499.0,253817.41936562434,253.81741936562435,Low
33.59379,-105.28526,2026-05-18,1858,h,149.19,2026,5,18,954,Albuquerque,United States,767499.0,253982.84157920658,253.9828415792066,Low
33.595,-105.28284,2026-05-18,1858,h,58.81,2026,5,18,954,Albuquerque,United States,767499.0,254013.98894873215,254.01398894873216,Low
33.59943,-105.29309,2026-05-18,1858,h,58.81,2026,5,18,954,Albuquerque,United States,767499.0,252858.02538175674,252.85802538175673,Low
33.60086,-105.28835,2026-05-18,1858,h,58.81,2026,5,18,954,Albuquerque,United States,767499.0,253019.50051596315,253.01950051596316,Low
33.63125,-105.36008,2026-05-18,1858,n,139.14,2026,5,18,954,Albuquerque,United States,767499.0,245023.07580536252,245.0230758053625,Low
33.63267,-105.35218,2026-05-18,1858,h,85.71,2026,5,18,954,Albuquerque,United States,767499.0,245384.387924702,245.384387924702,Low
33.63495,-105.34792,2026-05-18,1858,n,87.47,2026,5,18,954,Albuquerque,United States,767499.0,245416.72649320294,245.41672649320293,Low
33.63676,-105.36333,2026-05-18,1858,n,185.12,2026,5,18,954,Albuquerque,United States,767499.0,244213.88727412702,244.21388727412702,Low
33.63868,-105.35714,2026-05-18,1858,h,85.71,2026,5,18,954,Albuquerque,United States,767499.0,244409.72906424172,244.40972906424173,Low
33.64063,-105.35087,2026-05-18,1858,n,85.71,2026,5,18,954,Albuquerque,United States,767499.0,244609.6309008277,244.6096309008277,Low
38.02937,-77.12643,2026-05-18,1858,h,52.03,2026,5,18,690,Richmond,United States,1081248.0,80421.22939633565,80.42122939633565,Moderate
41.51122,-75.46935,2026-05-18,1900,h,75.31,2026,5,18,1150,Allentown,United States,632175.0,135095.4364631299,135.09543646312991,Low
60.77884,97.07337,2026-05-18,1921,n,71.9,2026,5,18,686,Krasnoyarsk,Russia,1092851.0,1117601.9108340265,1117.6019108340265,Low
17.99654,-100.22549,2026-05-18,2034,h,124.83,2026,5,18,1082,Acapulco de Juárez,Mexico,673478.0,137594.18224831027,137.59418224831026,Low
18.09027,-102.25549,2026-05-18,2034,n,59.18,2026,5,18,740,Morelia,Mexico,1002461.0,230401.32546365436,230.40132546365436,Low
18.17313,-102.96062,2026-05-18,2034,n,95.7,2026,5,18,740,Morelia,Mexico,1002461.0,272282.5992519728,272.2825992519728,Low
18.86823,-102.26361,2026-05-18,2034,n,57.46,2026,5,18,740,Morelia,Mexico,1002461.0,159914.26244659483,159.91426244659482,Low
19.55837,-103.07459,2026-05-18,2034,n,52.11,2026,5,18,1275,Tonalá,Mexico,569913.0,126683.8962217429,126.68389622174291,Low
19.55896,-103.06954,2026-05-18,2034,n,52.11,2026,5,18,1275,Tonalá,Mexico,569913.0,126694.5432542291,126.69454325422909,Low
19.97246,-102.83863,2026-05-18,2034,h,262.37,2026,5,18,1275,Tonalá,Mexico,569913.0,88186.91319664296,88.18691319664296,Moderate
20.49996,-101.04668,2026-05-18,2034,h,58.32,2026,5,18,1236,Irapuato,Mexico,592953.0,39156.35251886377,39.15635251886377,High
22.00278,-105.01534,2026-05-18,2036,n,68.17,2026,5,18,1427,Mazatlán,Mexico,501441.0,213926.9200470152,213.92692004701522,Low
26.31788,-106.8987,2026-05-18,2036,h,65.9,2026,5,18,911,Culiacán,Mexico,808416.0,194438.1098230053,194.4381098230053,Low
33.59289,-105.28653,2026-05-18,2038,n,249.15,2026,5,18,954,Albuquerque,United States,767499.0,253995.0840816369,253.9950840816369,Low
33.59381,-105.2753,2026-05-18,2038,n,64.22,2026,5,18,954,Albuquerque,United States,767499.0,254643.76016273565,254.64376016273565,Low
33.60494,-105.36993,2026-05-18,2038,n,105.77,2026,5,18,954,Albuquerque,United States,767499.0,247253.6162772178,247.25361627721782,Low
33.60969,-105.36979,2026-05-18,2038,n,121.73,2026,5,18,954,Albuquerque,United States,767499.0,246743.31104773266,246.74331104773265,Low
33.62944,-105.36034,2026-05-18,2038,n,63.43,2026,5,18,954,Albuquerque,United States,767499.0,245202.57406904816,245.20257406904815,Low
33.62999,-105.35385,2026-05-18,2038,n,63.43,2026,5,18,954,Albuquerque,United States,767499.0,245565.5344348839,245.56553443488392,Low
33.63423,-105.35978,2026-05-18,2038,n,63.43,2026,5,18,954,Albuquerque,United States,767499.0,244719.43659700337,244.71943659700338,Low
33.63957,-105.35283,2026-05-18,2038,h,488.36,2026,5,18,954,Albuquerque,United States,767499.0,244595.59524881386,244.59559524881385,Low
33.64011,-105.34651,2026-05-18,2038,n,56.29,2026,5,18,954,Albuquerque,United States,767499.0,244952.21830775324,244.95221830775324,Low
33.64214,-105.34834,2026-05-18,2038,n,133.9,2026,5,18,954,Albuquerque,United States,767499.0,244612.86274269826,244.61286274269827,Low
33.66017,-105.33419,2026-05-18,2038,n,76.04,2026,5,18,954,Albuquerque,United States,767499.0,243612.9479922103,243.6129479922103,Low
33.66208,-105.33615,2026-05-18,2038,h,71.24,2026,5,18,954,Albuquerque,United States,767499.0,243277.68483092313,243.27768483092314,Low
33.66438,-105.34042,2026-05-18,2038,n,57.23,2026,5,18,954,Albuquerque,United States,767499.0,242746.56747534007,242.74656747534007,Low
33.66544,-105.32829,2026-05-18,2038,h,76.04,2026,5,18,954,Albuquerque,United States,767499.0,243444.5892637316,243.44458926373161,Low
33.66681,-105.33636,2026-05-18,2038,n,71.24,2026,5,18,954,Albuquerque,United States,767499.0,242757.63456814183,242.75763456814184,Low
34.42113,-101.77313,2026-05-18,2038,h,111.57,2026,5,18,743,Oklahoma City,United States,1000207.0,495008.703849148,495.008703849148,Low
34.42146,-101.7731,2026-05-18,2038,h,101.86,2026,5,18,743,Oklahoma City,United States,1000207.0,494992.7210622135,494.9927210622135,Low
34.42174,-101.76809,2026-05-18,2038,n,101.86,2026,5,18,743,Oklahoma City,United States,1000207.0,494447.6468650161,494.44764686501605,Low
34.42671,-101.77863,2026-05-18,2038,n,111.57,2026,5,18,743,Oklahoma City,United States,1000207.0,495379.79826731316,495.37979826731316,Low
34.42701,-101.77856,2026-05-18,2038,n,105.08,2026,5,18,743,Oklahoma City,United States,1000207.0,495360.77752151096,495.36077752151095,Low
34.42757,-101.76855,2026-05-18,2038,h,101.86,2026,5,18,743,Oklahoma City,United States,1000207.0,494271.28016879666,494.27128016879664,Low
33.94341,-120.05486,2026-05-18,2040,n,66.84,2026,5,18,33,Los Angeles,United States,11885717.0,184888.2687857016,184.8882687857016,Low
34.23362,-118.74278,2026-05-18,2040,n,96.6,2026,5,18,33,Los Angeles,United States,11885717.0,40711.94125058837,40.71194125058837,High
34.23624,-118.74915,2026-05-18,2040,n,96.6,2026,5,18,33,Los Angeles,United States,11885717.0,41502.75489346644,41.50275489346644,High
34.23724,-118.74396,2026-05-18,2040,h,96.6,2026,5,18,33,Los Angeles,United States,11885717.0,41027.06676301252,41.02706676301252,High
35.23212,-102.01245,2026-05-18,2040,n,62.6,2026,5,18,743,Oklahoma City,United States,1000207.0,501839.8672063424,501.8398672063424,Low
35.23238,-102.00746,2026-05-18,2040,h,62.6,2026,5,18,743,Oklahoma City,United States,1000207.0,501283.25399014074,501.28325399014074,Low
35.23265,-102.00243,2026-05-18,2040,h,72.99,2026,5,18,743,Oklahoma City,United States,1000207.0,500722.1098485852,500.7221098485852,Low
35.44007,-118.77515,2026-05-18,2040,h,66.71,2026,5,18,1260,Bakersfield,United States,578542.0,31372.70715088145,31.372707150881453,High
35.45193,-118.77252,2026-05-18,2040,n,68.25,2026,5,18,1260,Bakersfield,United States,578542.0,32288.366196489165,32.288366196489164,High
23.54511,53.3215,2026-05-18,2114,h,70.36,2026,5,18,517,Abu Dhabi,United Arab Emirates,1483000.0,161710.72268459565,161.71072268459565,Low
25.17479,52.87041,2026-05-18,2114,h,51.41,2026,5,18,632,Doha,Qatar,1186023.0,149482.13612988335,149.48213612988334,Low
23.27062,54.26769,2026-05-18,2254,n,56.56,2026,5,18,517,Abu Dhabi,United Arab Emirates,1483000.0,146019.5789332846,146.01957893328458,Low
23.27672,54.26941,2026-05-18,2254,n,56.56,2026,5,18,517,Abu Dhabi,United Arab Emirates,1483000.0,145268.0992402417,145.2680992402417,Low
23.27796,54.26423,2026-05-18,2254,n,56.56,2026,5,18,517,Abu Dhabi,United Arab Emirates,1483000.0,145162.42391270772,145.1624239127077,Low
25.16024,52.87552,2026-05-18,2254,n,81.64,2026,5,18,632,Doha,Qatar,1186023.0,150223.38875517997,150.22338875517997,Low
-1.41221,29.20345,2026-05-18,2301,h,222.51,2026,5,18,650,Kigali,Rwanda,1156663.0,112870.74275463726,112.87074275463726,Low
-1.41149,29.19885,2026-05-18,2301,h,222.51,2026,5,18,650,Kigali,Rwanda,1156663.0,113346.64535620679,113.34664535620679,Low
-1.40774,29.20426,2026-05-18,2301,h,222.51,2026,5,18,650,Kigali,Rwanda,1156663.0,113061.37767673623,113.06137767673623,Low
-1.40703,29.19971,2026-05-18,2301,n,222.51,2026,5,18,650,Kigali,Rwanda,1156663.0,113531.13054774802,113.53113054774802,Low
45.45841,122.1901,2026-05-19,330,n,125.82,2026,5,19,498,Baicheng,China,1551378.0,76559.8852608788,76.5598852608788,Moderate
49.26727,135.50427,2026-05-19,330,n,52.05,2026,5,19,1187,Khabarovsk,Russia,615570.0,140726.88377027638,140.72688377027637,Low
50.31006,129.90123,2026-05-19,330,n,58.63,2026,5,19,851,Yichun,China,878881.0,454032.78866905015,454.03278866905015,Low
50.40623,130.21886,2026-05-19,330,n,79.35,2026,5,19,851,Yichun,China,878881.0,480351.5878301575,480.3515878301575,Low
50.40886,130.21147,2026-05-19,330,n,79.35,2026,5,19,851,Yichun,China,878881.0,480525.1238077699,480.5251238077699,Low
50.41008,130.21675,2026-05-19,330,h,79.35,2026,5,19,851,Yichun,China,878881.0,480914.05853683763,480.9140585368376,Low
50.42043,130.20509,2026-05-19,330,n,66.43,2026,5,19,851,Yichun,China,878881.0,482218.0667790292,482.2180667790292,Low
50.42167,130.21045,2026-05-19,330,h,66.43,2026,5,19,851,Yichun,China,878881.0,482611.8425568733,482.6118425568733,Low
50.42552,130.20831,2026-05-19,330,n,66.43,2026,5,19,851,Yichun,China,878881.0,483175.04717570305,483.17504717570307,Low
50.42674,130.21361,2026-05-19,330,n,96.27,2026,5,19,851,Yichun,China,878881.0,483563.4802528209,483.5634802528209,Low
50.42814,130.20084,2026-05-19,330,n,59.32,2026,5,19,851,Yichun,China,878881.0,483348.5000885794,483.34850008857944,Low
50.4298,130.20412,2026-05-19,330,h,76.71,2026,5,19,851,Yichun,China,878881.0,483738.4057826422,483.7384057826422,Low
50.43105,130.20938,2026-05-19,330,h,76.71,2026,5,19,851,Yichun,China,878881.0,484129.7413321449,484.1297413321449,Low
50.43199,130.19868,2026-05-19,330,n,59.32,2026,5,19,851,Yichun,China,878881.0,483912.33749852655,483.91233749852654,Low
50.43228,130.21461,2026-05-19,330,h,110.06,2026,5,19,851,Yichun,China,878881.0,484517.20188122324,484.51720188122323,Low
50.43301,130.22198,2026-05-19,330,n,125.12,2026,5,19,851,Yichun,China,878881.0,484897.7381045732,484.8977381045732,Low
50.43321,130.20396,2026-05-19,330,n,59.32,2026,5,19,851,Yichun,China,878881.0,484298.7011007584,484.2987011007584,Low
50.43352,130.21989,2026-05-19,330,h,110.06,2026,5,19,851,Yichun,China,878881.0,484908.572075819,484.908572075819,Low
50.43423,130.22728,2026-05-19,330,n,125.12,2026,5,19,851,Yichun,China,878881.0,485287.2493097679,485.2872493097679,Low
50.43443,130.20924,2026-05-19,330,n,106.44,2026,5,19,851,Yichun,China,878881.0,484685.56849052734,484.6855684905273,Low
50.43488,130.20718,2026-05-19,330,n,76.71,2026,5,19,851,Yichun,China,878881.0,484688.22742687666,484.68822742687667,Low
50.43564,130.21452,2026-05-19,330,n,106.44,2026,5,19,851,Yichun,China,878881.0,485071.27985396876,485.07127985396875,Low
50.43601,130.2305,2026-05-19,330,n,141.77,2026,5,19,851,Yichun,China,878881.0,485696.2357408731,485.6962357408731,Low
50.43612,130.21245,2026-05-19,330,n,110.06,2026,5,19,851,Yichun,China,878881.0,485078.32136959507,485.0783213695951,Low
50.43737,130.21773,2026-05-19,330,h,110.06,2026,5,19,851,Yichun,China,878881.0,485470.9227338356,485.4709227338356,Low
50.43862,130.22307,2026-05-19,330,h,141.77,2026,5,19,851,Yichun,China,878881.0,485866.1365497132,485.8661365497132,Low
50.43932,130.23051,2026-05-19,330,n,53.26,2026,5,19,851,Yichun,China,878881.0,486245.02059726155,486.24502059726154,Low
50.43987,130.22838,2026-05-19,330,h,141.77,2026,5,19,851,Yichun,China,878881.0,486260.79877804854,486.2607987780485,Low
50.44136,130.27716,2026-05-19,330,h,78.57,2026,5,19,851,Yichun,China,878881.0,488258.72231524286,488.25872231524284,Low
50.44258,130.28247,2026-05-19,330,n,78.57,2026,5,19,851,Yichun,China,878881.0,488654.00881303765,488.65400881303765,Low
50.44361,130.24432,2026-05-19,330,n,54.28,2026,5,19,851,Yichun,China,878881.0,487446.4903922658,487.4464903922658,Low
50.45609,130.27902,2026-05-19,330,n,53.91,2026,5,19,851,Yichun,China,878881.0,490760.0815632188,490.76008156321876,Low
50.45866,130.2715,2026-05-19,330,n,53.91,2026,5,19,851,Yichun,China,878881.0,490912.70879523136,490.91270879523137,Low
50.47126,130.28828,2026-05-19,330,n,51.17,2026,5,19,851,Yichun,China,878881.0,493604.0850334404,493.60408503344036,Low
50.47249,130.29358,2026-05-19,330,n,51.17,2026,5,19,851,Yichun,China,878881.0,494000.2480378414,494.0002480378414,Low
50.47756,130.29672,2026-05-19,330,n,93.53,2026,5,19,851,Yichun,China,878881.0,494952.6377245977,494.9526377245977,Low
50.49044,130.27765,2026-05-19,330,n,58.02,2026,5,19,851,Yichun,China,878881.0,496394.34241133375,496.39434241133375,Low
50.49552,130.28085,2026-05-19,330,n,58.02,2026,5,19,851,Yichun,China,878881.0,497350.62852868345,497.35062852868344,Low
50.5221,130.2836,2026-05-19,330,n,76.78,2026,5,19,851,Yichun,China,878881.0,501855.120264149,501.855120264149,Low
50.52431,130.31187,2026-05-19,330,h,85.0,2026,5,19,851,Yichun,China,878881.0,503236.8630426029,503.2368630426029,Low
50.52454,130.29413,2026-05-19,330,n,144.84,2026,5,19,851,Yichun,China,878881.0,502635.9256120853,502.6359256120853,Low
50.52693,130.3045,2026-05-19,330,n,85.0,2026,5,19,851,Yichun,China,878881.0,503404.5841729838,503.40458417298385,Low
50.52812,130.30966,2026-05-19,330,n,85.0,2026,5,19,851,Yichun,China,878881.0,503787.8721527943,503.7878721527943,Low
50.53075,130.30234,2026-05-19,330,n,85.59,2026,5,19,851,Yichun,China,878881.0,503959.90694334026,503.9599069433403,Low
50.53314,130.3127,2026-05-19,330,n,78.05,2026,5,19,851,Yichun,China,878881.0,504729.23191681836,504.7292319168184,Low
50.53456,130.30016,2026-05-19,330,n,85.59,2026,5,19,851,Yichun,China,878881.0,504513.2963772277,504.5132963772277,Low
50.53816,130.31577,2026-05-19,330,n,78.05,2026,5,19,851,Yichun,China,878881.0,505671.76677199727,505.6717667719973,Low
50.54079,130.30844,2026-05-19,330,n,96.21,2026,5,19,851,Yichun,China,878881.0,505843.3994049154,505.8433994049154,Low
50.542,130.31371,2026-05-19,330,h,96.21,2026,5,19,851,Yichun,China,878881.0,506233.675575517,506.233675575517,Low
50.54342,130.3011,2026-05-19,330,n,120.56,2026,5,19,851,Yichun,China,878881.0,506016.37573686155,506.01637573686156,Low
50.54462,130.30632,2026-05-19,330,n,96.21,2026,5,19,851,Yichun,China,878881.0,506402.3247608703,506.40232476087033,Low
50.54583,130.31161,2026-05-19,330,n,96.21,2026,5,19,851,Yichun,China,878881.0,506792.91336707654,506.79291336707655,Low
50.54845,130.30424,2026-05-19,330,n,64.56,2026,5,19,851,Yichun,China,878881.0,506963.113853544,506.963113853544,Low
50.88557,130.52827,2026-05-19,330,n,199.28,2026,5,19,851,Yichun,China,878881.0,571123.6999780594,571.1236999780593,Low
50.88586,130.51096,2026-05-19,330,n,50.19,2026,5,19,851,Yichun,China,878881.0,570541.2663862116,570.5412663862116,Low
50.88761,130.5186,2026-05-19,330,n,50.19,2026,5,19,851,Yichun,China,878881.0,571110.7610324522,571.1107610324523,Low
50.88903,130.54341,2026-05-19,330,n,178.21,2026,5,19,851,Yichun,China,878881.0,572256.2518661005,572.2562518661005,Low
50.89137,130.51648,2026-05-19,330,n,50.19,2026,5,19,851,Yichun,China,878881.0,571660.8059886381,571.6608059886381,Low
50.99284,130.19997,2026-05-19,330,n,61.63,2026,5,19,851,Yichun,China,878881.0,578437.4800160574,578.4374800160574,Low
51.0154,130.23141,2026-05-19,330,n,69.42,2026,5,19,851,Yichun,China,878881.0,583209.5344575858,583.2095344575857,Low
51.0192,130.22929,2026-05-19,330,n,69.42,2026,5,19,851,Yichun,China,878881.0,583795.3573386865,583.7953573386865,Low
51.0204,130.23453,2026-05-19,330,n,69.42,2026,5,19,851,Yichun,China,878881.0,584154.7739247216,584.1547739247217,Low
51.02917,130.2354,2026-05-19,330,n,58.38,2026,5,19,851,Yichun,China,878881.0,585676.9903642349,585.6769903642349,Low
51.03038,130.2406,2026-05-19,330,n,58.38,2026,5,19,851,Yichun,China,878881.0,586037.1358802938,586.0371358802938,Low
51.12306,130.20323,2026-05-19,330,n,52.77,2026,5,19,851,Yichun,China,878881.0,600819.7818220356,600.8197818220356,Low
51.12564,130.19591,2026-05-19,330,n,52.77,2026,5,19,851,Yichun,China,878881.0,601057.5816561861,601.0575816561861,Low
51.12684,130.2011,2026-05-19,330,n,52.77,2026,5,19,851,Yichun,China,878881.0,601408.8084575847,601.4088084575847,Low
52.21018,127.53924,2026-05-19,330,n,51.41,2026,5,19,851,Yichun,China,878881.0,789901.9385243362,789.9019385243362,Low
52.21174,127.54543,2026-05-19,330,n,51.41,2026,5,19,851,Yichun,China,878881.0,790054.4580719337,790.0544580719337,Low
52.2142,127.53663,2026-05-19,330,n,51.41,2026,5,19,851,Yichun,China,878881.0,790673.1940501551,790.6731940501551,Low
52.26535,127.42368,2026-05-19,330,n,195.28,2026,5,19,851,Yichun,China,878881.0,802193.2908543524,802.1932908543524,Low
52.26691,127.42989,2026-05-19,330,n,62.06,2026,5,19,851,Yichun,China,878881.0,802335.8781571203,802.3358781571203,Low
52.26845,127.4361,2026-05-19,330,n,62.06,2026,5,19,851,Yichun,China,878881.0,802475.577412759,802.475577412759,Low
52.26936,127.42096,2026-05-19,330,n,195.28,2026,5,19,851,Yichun,China,878881.0,802968.034581794,802.9680345817941,Low
52.27183,127.41211,2026-05-19,330,n,80.91,2026,5,19,851,Yichun,China,878881.0,803602.9983393842,803.6029983393842,Low
52.27245,127.43336,2026-05-19,330,n,62.06,2026,5,19,851,Yichun,China,878881.0,803248.7398377742,803.2487398377742,Low
52.27492,127.4245,2026-05-19,330,n,71.16,2026,5,19,851,Yichun,China,878881.0,803882.3534747157,803.8823534747157,Low
52.31627,127.57432,2026-05-19,330,n,189.02,2026,5,19,851,Yichun,China,878881.0,808187.8393567476,808.1878393567475,Low
52.31974,127.56751,2026-05-19,330,n,154.17,2026,5,19,851,Yichun,China,878881.0,808942.5813479413,808.9425813479413,Low
52.5746,127.20451,2026-05-19,332,n,55.74,2026,5,19,851,Yichun,China,878881.0,862432.3552402802,862.4323552402801,Low
52.57862,127.20185,2026-05-19,332,n,56.4,2026,5,19,851,Yichun,China,878881.0,863214.6876755644,863.2146876755644,Low
52.59978,127.50494,2026-05-19,332,h,112.28,2026,5,19,851,Yichun,China,878881.0,860536.2026361596,860.5362026361596,Low
52.62006,127.21732,2026-05-19,332,n,81.72,2026,5,19,851,Yichun,China,878881.0,870280.2382190594,870.2802382190595,Low
52.65255,127.12288,2026-05-19,332,n,95.23,2026,5,19,851,Yichun,China,878881.0,878339.9922210026,878.3399922210026,Low
52.76672,127.43182,2026-05-19,332,n,73.55,2026,5,19,851,Yichun,China,878881.0,892140.8343605313,892.1408343605312,Low
53.00201,126.7451,2026-05-19,332,n,109.94,2026,5,19,851,Yichun,China,878881.0,950720.4631368875,950.7204631368875,Low
53.00602,126.74229,2026-05-19,332,h,109.94,2026,5,19,851,Yichun,China,878881.0,951516.3622026346,951.5163622026346,Low
53.01008,126.73965,2026-05-19,332,n,76.64,2026,5,19,851,Yichun,China,878881.0,952316.6621892441,952.3166621892441,Low
53.26077,128.1599,2026-05-19,332,n,53.9,2026,5,19,851,Yichun,China,878881.0,972617.0439528526,972.6170439528526,Low
53.26324,128.15169,2026-05-19,332,n,53.9,2026,5,19,851,Yichun,China,878881.0,973146.9612569024,973.1469612569024,Low
53.26839,128.15485,2026-05-19,332,n,71.35,2026,5,19,851,Yichun,China,878881.0,974074.8548487917,974.0748548487917,Low
53.27088,128.14671,2026-05-19,332,n,71.35,2026,5,19,851,Yichun,China,878881.0,974608.350389232,974.6083503892321,Low
53.27205,128.15002,2026-05-19,332,n,110.19,2026,5,19,851,Yichun,China,878881.0,974796.3104160122,974.7963104160121,Low
53.27221,128.15236,2026-05-19,332,n,71.35,2026,5,19,851,Yichun,China,878881.0,974805.4818505303,974.8054818505302,Low
-41.13763,147.94193,2026-05-19,444,n,79.97,2026,5,19,127,Melbourne,Australia,5031195.0,582952.5395523938,582.9525395523939,Low
-41.13362,147.94189,2026-05-19,444,n,107.91,2026,5,19,127,Melbourne,Australia,5031195.0,582462.6374912709,582.4626374912709,Low
-41.13104,147.94824,2026-05-19,444,n,79.97,2026,5,19,127,Melbourne,Australia,5031195.0,582552.1215289196,582.5521215289195,Low
-35.83109,137.02966,2026-05-19,446,n,57.15,2026,5,19,545,Adelaide,Australia,1387290.0,213959.91344009538,213.95991344009536,Low
-33.75342,122.32349,2026-05-19,449,n,62.23,2026,5,19,388,Perth,Australia,2141834.0,757957.6305289755,757.9576305289755,Low
-13.39058,130.40001,2026-05-19,453,n,63.07,2026,5,19,557,Makassar,Indonesia,1338663.0,1537774.1898650478,1537.774189865048,Low
-13.38674,130.403,2026-05-19,453,n,63.07,2026,5,19,557,Makassar,Indonesia,1338663.0,1537772.629350778,1537.772629350778,Low
-13.38397,130.39896,2026-05-19,453,h,77.13,2026,5,19,557,Makassar,Indonesia,1338663.0,1537222.8016099986,1537.2228016099987,Low
-13.38344,130.40248,2026-05-19,453,n,77.13,2026,5,19,557,Makassar,Indonesia,1338663.0,1537497.798987419,1537.4977989874192,Low
-13.3822,130.36613,2026-05-19,453,n,149.95,2026,5,19,557,Makassar,Indonesia,1338663.0,1534194.1464661222,1534.1941464661222,Low
-13.38067,130.39842,2026-05-19,453,n,77.13,2026,5,19,557,Makassar,Indonesia,1338663.0,1536946.1990133824,1536.9461990133825,Low
-13.38013,130.40195,2026-05-19,453,n,77.13,2026,5,19,557,Makassar,Indonesia,1338663.0,1537221.4387403298,1537.2214387403299,Low
-13.37967,130.42717,2026-05-19,453,n,54.04,2026,5,19,557,Makassar,Indonesia,1338663.0,1539424.5479372279,1539.4245479372278,Low
-13.37913,130.43069,2026-05-19,453,n,54.04,2026,5,19,557,Makassar,Indonesia,1338663.0,1539699.2794893626,1539.6992794893627,Low
-13.3789,130.3656,2026-05-19,453,n,149.95,2026,5,19,557,Makassar,Indonesia,1338663.0,1533918.0772690072,1533.9180772690072,Low
-13.37637,130.42664,2026-05-19,453,n,54.04,2026,5,19,557,Makassar,Indonesia,1338663.0,1539149.229844736,1539.1492298447358,Low
-13.37252,130.42964,2026-05-19,453,n,60.03,2026,5,19,557,Makassar,Indonesia,1338663.0,1539148.9871132975,1539.1489871132974,Low
-13.36538,130.43211,2026-05-19,453,h,84.0,2026,5,19,557,Makassar,Indonesia,1338663.0,1538874.5666545543,1538.8745666545544,Low
-13.36484,130.43564,2026-05-19,453,h,84.0,2026,5,19,557,Makassar,Indonesia,1338663.0,1539150.4916376134,1539.1504916376134,Low
-13.36207,130.43159,2026-05-19,453,n,84.0,2026,5,19,557,Makassar,Indonesia,1338663.0,1538599.7404493364,1538.5997404493364,Low
-13.36153,130.4351,2026-05-19,453,n,84.0,2026,5,19,557,Makassar,Indonesia,1338663.0,1538873.9405971523,1538.8739405971523,Low
-13.3392,130.42368,2026-05-19,453,n,100.97,2026,5,19,557,Makassar,Indonesia,1338663.0,1536318.7957120533,1536.3187957120533,Low
-13.33704,130.43779,2026-05-19,453,n,74.07,2026,5,19,557,Makassar,Indonesia,1338663.0,1537423.3009475654,1537.4233009475654,Low
-13.33428,130.43373,2026-05-19,453,n,74.07,2026,5,19,557,Makassar,Indonesia,1338663.0,1536872.3390598153,1536.8723390598152,Low
-13.32045,130.41347,2026-05-19,453,n,81.82,2026,5,19,557,Makassar,Indonesia,1338663.0,1534119.0528193945,1534.1190528193945,Low
-13.31991,130.41698,2026-05-19,453,n,51.76,2026,5,19,557,Makassar,Indonesia,1338663.0,1534393.738168067,1534.393738168067,Low
-13.31937,130.42052,2026-05-19,453,n,51.76,2026,5,19,557,Makassar,Indonesia,1338663.0,1534671.1427330053,1534.6711427330054,Low
-13.3166,130.41646,2026-05-19,453,n,51.76,2026,5,19,557,Makassar,Indonesia,1338663.0,1534119.4999473754,1534.1194999473753,Low
-13.31606,130.41998,2026-05-19,453,n,51.76,2026,5,19,557,Makassar,Indonesia,1338663.0,1534395.1771908638,1534.3951771908637,Low
-13.28189,130.57716,2026-05-19,453,n,77.61,2026,5,19,557,Makassar,Indonesia,1338663.0,1546074.1730358216,1546.0741730358216,Low
3.12836,117.31017,2026-05-19,457,n,99.27,2026,5,19,896,Samarinda,Indonesia,831460.0,404536.38077889924,404.53638077889923,Low
3.13318,117.3059,2026-05-19,457,n,99.27,2026,5,19,896,Samarinda,Indonesia,831460.0,405050.90062232513,405.0509006223251,Low
3.13428,117.31255,2026-05-19,457,n,82.75,2026,5,19,896,Samarinda,Indonesia,831460.0,405208.268654,405.208268654,Low
48.6748,134.68822,2026-05-19,510,h,69.12,2026,5,19,1187,Khabarovsk,Russia,615570.0,54520.78231275348,54.52078231275348,Moderate
48.67507,134.67734,2026-05-19,510,n,69.12,2026,5,19,1187,Khabarovsk,Russia,615570.0,55528.835083963255,55.52883508396325,Moderate
48.67638,134.68039,2026-05-19,510,n,92.99,2026,5,19,1187,Khabarovsk,Russia,615570.0,55382.13446541315,55.38213446541315,Moderate
50.32316,129.92917,2026-05-19,510,h,55.46,2026,5,19,851,Yichun,China,878881.0,457052.89886076475,457.05289886076474,Low
50.4177,130.22775,2026-05-19,510,h,193.06,2026,5,19,851,Yichun,China,878881.0,482566.41317207826,482.5664131720783,Low
50.4178,130.2419,2026-05-19,510,h,115.2,2026,5,19,851,Yichun,China,878881.0,483089.1485058969,483.0891485058969,Low
50.41785,130.2489,2026-05-19,510,h,115.2,2026,5,19,851,Yichun,China,878881.0,483349.52216675243,483.3495221667524,Low
50.42388,130.24171,2026-05-19,510,n,115.2,2026,5,19,851,Yichun,China,878881.0,484087.8615818806,484.0878615818806,Low
50.42398,130.25569,2026-05-19,510,h,97.71,2026,5,19,851,Yichun,China,878881.0,484607.89785894856,484.60789785894855,Low
50.42427,130.29836,2026-05-19,510,n,73.93,2026,5,19,851,Yichun,China,878881.0,486220.0231321677,486.2200231321677,Low
50.42995,130.24123,2026-05-19,510,n,81.29,2026,5,19,851,Yichun,China,878881.0,485074.94540478475,485.0749454047847,Low
50.43001,130.24817,2026-05-19,510,h,81.29,2026,5,19,851,Yichun,China,878881.0,485333.67247457255,485.33367247457255,Low
50.43027,130.28377,2026-05-19,510,h,54.47,2026,5,19,851,Yichun,China,878881.0,486670.1004417743,486.6701004417743,Low
50.43032,130.29121,2026-05-19,510,n,54.47,2026,5,19,851,Yichun,China,878881.0,486952.2955051931,486.9522955051931,Low
50.43037,130.29857,2026-05-19,510,n,73.51,2026,5,19,851,Yichun,China,878881.0,487232.7693621191,487.2327693621191,Low
50.43598,130.23376,2026-05-19,510,n,52.26,2026,5,19,851,Yichun,China,878881.0,485806.96086559043,485.80696086559044,Low
50.43609,130.24785,2026-05-19,510,h,81.29,2026,5,19,851,Yichun,China,878881.0,486328.0048392901,486.3280048392901,Low
50.43647,130.29843,2026-05-19,510,n,73.51,2026,5,19,851,Yichun,China,878881.0,488232.9241631787,488.2329241631787,Low
50.44267,130.31273,2026-05-19,510,n,73.02,2026,5,19,851,Yichun,China,878881.0,489785.32298322965,489.78532298322966,Low
50.44876,130.31248,2026-05-19,510,n,73.02,2026,5,19,851,Yichun,China,878881.0,490779.42158332275,490.77942158332274,Low
50.44882,130.31982,2026-05-19,510,n,73.02,2026,5,19,851,Yichun,China,878881.0,491062.6212673277,491.0626212673277,Low
50.45403,130.21217,2026-05-19,510,n,123.45,2026,5,19,851,Yichun,China,878881.0,488041.2378538646,488.04123785386463,Low
50.45415,130.22595,2026-05-19,510,n,75.05,2026,5,19,851,Yichun,China,878881.0,488543.081861935,488.543081861935,Low
50.45495,130.22498,2026-05-19,510,h,80.76,2026,5,19,851,Yichun,China,878881.0,488641.7534472386,488.6417534472386,Low
50.45498,130.32739,2026-05-19,510,h,69.92,2026,5,19,851,Yichun,China,878881.0,492359.951394309,492.359951394309,Low
50.45504,130.33449,2026-05-19,510,n,69.92,2026,5,19,851,Yichun,China,878881.0,492636.00283130474,492.6360028313047,Low
50.45531,130.32649,2026-05-19,510,h,226.51,2026,5,19,851,Yichun,China,878881.0,492380.63762978377,492.3806376297838,Low
50.46017,130.21889,2026-05-19,510,h,123.45,2026,5,19,851,Yichun,China,878881.0,489295.0672821698,489.29506728216984,Low
50.46096,130.31259,2026-05-19,510,n,109.76,2026,5,19,851,Yichun,China,878881.0,492794.7622464678,492.7947622464678,Low
50.46114,130.33412,2026-05-19,510,n,69.92,2026,5,19,851,Yichun,China,878881.0,493626.29827390274,493.62629827390276,Low
50.46706,130.31235,2026-05-19,510,n,53.3,2026,5,19,851,Yichun,China,878881.0,493792.10455060244,493.79210455060246,Low
50.46712,130.31956,2026-05-19,510,h,53.3,2026,5,19,851,Yichun,China,878881.0,494068.804023984,494.068804023984,Low
50.46749,130.3186,2026-05-19,510,h,84.97,2026,5,19,851,Yichun,China,878881.0,494094.23025895463,494.0942302589546,Low
50.46752,130.32576,2026-05-19,510,n,84.97,2026,5,19,851,Yichun,China,878881.0,494365.0862147759,494.36508621477594,Low
50.47316,130.3118,2026-05-19,510,n,53.3,2026,5,19,851,Yichun,China,878881.0,494778.4471076233,494.77844710762326,Low
50.51004,130.28795,2026-05-19,510,n,83.41,2026,5,19,851,Yichun,China,878881.0,500011.0442877719,500.01104428777194,Low
50.51016,130.30942,2026-05-19,510,h,110.61,2026,5,19,851,Yichun,China,878881.0,500805.93577458896,500.80593577458893,Low
50.51618,130.29489,2026-05-19,510,n,83.41,2026,5,19,851,Yichun,China,878881.0,501277.62006503774,501.27762006503775,Low
50.51626,130.30939,2026-05-19,510,h,110.61,2026,5,19,851,Yichun,China,878881.0,501814.33827279793,501.81433827279795,Low
50.60184,130.3119,2026-05-19,510,h,62.89,2026,5,19,851,Yichun,China,878881.0,516104.1932566229,516.1041932566229,Low
50.75389,132.36928,2026-05-19,510,n,88.49,2026,5,19,1187,Khabarovsk,Russia,615570.0,493520.61470701144,493.5206147070114,Low
50.75665,132.36832,2026-05-19,510,n,73.99,2026,5,19,1187,Khabarovsk,Russia,615570.0,493970.0984931925,493.9700984931925,Low
50.85431,132.28296,2026-05-19,510,h,54.47,2026,5,19,1187,Khabarovsk,Russia,615570.0,513399.9500269981,513.3999500269981,Low
50.85863,132.28778,2026-05-19,510,n,53.86,2026,5,19,1187,Khabarovsk,Russia,615570.0,513680.21909796837,513.6802190979683,Low
50.85875,132.27936,2026-05-19,510,n,53.86,2026,5,19,1187,Khabarovsk,Russia,615570.0,514265.4158800182,514.2654158800182,Low
50.86092,132.28255,2026-05-19,510,h,54.47,2026,5,19,1187,Khabarovsk,Russia,615570.0,514354.2813360706,514.3542813360706,Low
50.86536,132.27922,2026-05-19,510,h,60.38,2026,5,19,1187,Khabarovsk,Russia,615570.0,515201.82838488143,515.2018283848814,Low
50.86549,132.27095,2026-05-19,510,n,74.65,2026,5,19,1187,Khabarovsk,Russia,615570.0,515778.3476806598,515.7783476806597,Low
50.86753,132.28244,2026-05-19,510,h,56.06,2026,5,19,1187,Khabarovsk,Russia,615570.0,515289.4098789458,515.2894098789458,Low
50.87186,132.28731,2026-05-19,510,h,60.38,2026,5,19,1187,Khabarovsk,Russia,615570.0,515570.25489344285,515.5702548934429,Low
50.87197,132.27946,2026-05-19,510,n,60.38,2026,5,19,1187,Khabarovsk,Russia,615570.0,516113.724088321,516.113724088321,Low
50.87405,132.29079,2026-05-19,510,n,56.06,2026,5,19,1187,Khabarovsk,Russia,615570.0,515644.6591973461,515.6446591973461,Low
50.87413,132.28285,2026-05-19,510,n,56.06,2026,5,19,1187,Khabarovsk,Russia,615570.0,516189.24189088563,516.1892418908857,Low
50.87826,130.51091,2026-05-19,510,h,50.9,2026,5,19,851,Yichun,China,878881.0,569271.8475861612,569.2718475861612,Low
50.8783,130.51814,2026-05-19,510,n,50.9,2026,5,19,851,Yichun,China,878881.0,569541.840106922,569.541840106922,Low
50.88039,132.31847,2026-05-19,510,h,53.9,2026,5,19,1187,Khabarovsk,Russia,615570.0,514688.9962671764,514.6889962671764,Low
50.88049,132.30878,2026-05-19,510,n,60.34,2026,5,19,1187,Khabarovsk,Russia,615570.0,515348.8897464857,515.3488897464857,Low
50.88058,132.29987,2026-05-19,510,h,60.34,2026,5,19,1187,Khabarovsk,Russia,615570.0,515956.6356147518,515.9566356147518,Low
50.88065,132.29173,2026-05-19,510,n,54.28,2026,5,19,1187,Khabarovsk,Russia,615570.0,516511.17800860445,516.5111780086045,Low
50.88073,132.2836,2026-05-19,510,h,54.28,2026,5,19,1187,Khabarovsk,Russia,615570.0,517067.45081135863,517.0674508113586,Low
50.887,132.31937,2026-05-19,510,h,53.9,2026,5,19,1187,Khabarovsk,Russia,615570.0,515564.47324870416,515.5644732487042,Low
50.88717,132.30125,2026-05-19,510,n,60.34,2026,5,19,1187,Khabarovsk,Russia,615570.0,516794.795807569,516.794795807569,Low
50.89999,132.34541,2026-05-19,510,h,137.02,2026,5,19,1187,Khabarovsk,Russia,615570.0,515687.3076180324,515.6873076180324,Low
50.90406,132.35147,2026-05-19,510,h,111.8,2026,5,19,1187,Khabarovsk,Russia,615570.0,515869.0381231929,515.8690381231929,Low
50.90418,132.34259,2026-05-19,510,h,196.04,2026,5,19,1187,Khabarovsk,Russia,615570.0,516469.48001659475,516.4694800165947,Low
50.90836,130.49164,2026-05-19,510,h,52.98,2026,5,19,851,Yichun,China,878881.0,573604.6338742578,573.6046338742578,Low
50.91068,132.35234,2026-05-19,510,h,111.8,2026,5,19,1187,Khabarovsk,Russia,615570.0,516756.52804940107,516.756528049401,Low
50.9108,132.34349,2026-05-19,510,n,196.04,2026,5,19,1187,Khabarovsk,Russia,615570.0,517353.8363774091,517.3538363774092,Low
50.99929,130.28564,2026-05-19,510,h,70.83,2026,5,19,851,Yichun,China,878881.0,582100.909192896,582.100909192896,Low
50.99934,130.29283,2026-05-19,510,h,70.83,2026,5,19,851,Yichun,China,878881.0,582331.0364740905,582.3310364740905,Low
50.9994,130.29987,2026-05-19,510,h,77.86,2026,5,19,851,Yichun,China,878881.0,582559.2162584311,582.5592162584311,Low
51.0054,130.28575,2026-05-19,510,h,70.83,2026,5,19,851,Yichun,China,878881.0,583143.1394734414,583.1431394734414,Low
51.00551,130.29991,2026-05-19,510,h,77.86,2026,5,19,851,Yichun,China,878881.0,583598.5312758933,583.5985312758934,Low
51.00555,130.2999,2026-05-19,510,h,90.48,2026,5,19,851,Yichun,China,878881.0,583605.018360045,583.605018360045,Low
51.01163,130.2926,2026-05-19,510,n,90.48,2026,5,19,851,Yichun,China,878881.0,584413.0711927968,584.4130711927968,Low
51.02983,130.26337,2026-05-19,510,n,106.14,2026,5,19,851,Yichun,China,878881.0,586622.3677080071,586.6223677080071,Low
51.02986,130.27071,2026-05-19,510,h,106.14,2026,5,19,851,Yichun,China,878881.0,586848.548733737,586.848548733737,Low
51.03592,130.26314,2026-05-19,510,n,106.14,2026,5,19,851,Yichun,China,878881.0,587653.5451598888,587.6535451598888,Low
51.03603,130.28517,2026-05-19,510,n,203.41,2026,5,19,851,Yichun,China,878881.0,588337.6770615531,588.3376770615531,Low
51.06651,130.27681,2026-05-19,510,n,80.13,2026,5,19,851,Yichun,China,878881.0,593280.2246963988,593.2802246963988,Low
51.06655,130.28395,2026-05-19,510,h,80.13,2026,5,19,851,Yichun,China,878881.0,593501.6696507422,593.5016696507422,Low
51.07871,130.27644,2026-05-19,510,n,52.82,2026,5,19,851,Yichun,China,878881.0,595350.9608976296,595.3509608976296,Low
51.07876,130.28352,2026-05-19,510,h,52.82,2026,5,19,851,Yichun,China,878881.0,595571.5138249751,595.5715138249751,Low
51.08482,130.27643,2026-05-19,510,n,52.82,2026,5,19,851,Yichun,China,878881.0,596393.7038719072,596.3937038719072,Low
51.08486,130.28357,2026-05-19,510,h,52.82,2026,5,19,851,Yichun,China,878881.0,596613.9780736598,596.6139780736598,Low
51.08514,130.28278,2026-05-19,510,n,130.25,2026,5,19,851,Yichun,China,878881.0,596638.103816544,596.638103816544,Low
51.36584,128.4187,2026-05-19,512,n,73.13,2026,5,19,851,Yichun,China,878881.0,626307.8428359737,626.3078428359737,Low
51.75076,129.25534,2026-05-19,512,h,122.6,2026,5,19,851,Yichun,China,878881.0,694994.31856908,694.99431856908,Low
52.25078,127.41651,2026-05-19,512,h,102.04,2026,5,19,851,Yichun,China,878881.0,799753.345809762,799.753345809762,Low
52.25092,127.42203,2026-05-19,512,n,186.06,2026,5,19,851,Yichun,China,878881.0,799656.6891289646,799.6566891289646,Low
52.25608,127.41072,2026-05-19,512,n,102.04,2026,5,19,851,Yichun,China,878881.0,800825.9039002722,800.8259039002722,Low
52.25652,127.42741,2026-05-19,512,h,186.06,2026,5,19,851,Yichun,China,878881.0,800537.0430837373,800.5370430837372,Low
52.28424,127.44319,2026-05-19,512,h,80.17,2026,5,19,851,Yichun,China,878881.0,805140.5844409713,805.1405844409712,Low
52.37679,127.60783,2026-05-19,512,n,109.11,2026,5,19,851,Yichun,China,878881.0,818415.3606027928,818.4153606027928,Low
52.62256,127.52144,2026-05-19,512,h,61.67,2026,5,19,851,Yichun,China,878881.0,864335.775608932,864.3357756089321,Low
52.79629,127.41544,2026-05-19,512,h,131.9,2026,5,19,851,Yichun,China,878881.0,897819.2033441035,897.8192033441036,Low
53.01303,126.77495,2026-05-19,512,n,55.59,2026,5,19,851,Yichun,China,878881.0,951888.6863200809,951.8886863200809,Low
53.01836,126.77458,2026-05-19,512,n,84.95,2026,5,19,851,Yichun,China,878881.0,952855.7018783384,952.8557018783383,Low
53.21393,124.78165,2026-05-19,512,n,107.51,2026,5,19,178,Qiqihar,China,4067489.0,1026979.177584353,1026.979177584353,Low
53.21883,124.7812,2026-05-19,512,n,54.68,2026,5,19,178,Qiqihar,China,4067489.0,1027881.4385779799,1027.88143857798,Low
53.22333,124.77167,2026-05-19,512,n,54.68,2026,5,19,178,Qiqihar,China,4067489.0,1028615.9180655006,1028.6159180655006,Low
53.22373,124.78044,2026-05-19,512,n,54.68,2026,5,19,178,Qiqihar,China,4067489.0,1028780.6008353556,1028.7806008353555,Low
53.26163,128.17519,2026-05-19,512,h,61.68,2026,5,19,851,Yichun,China,878881.0,972645.4214990941,972.6454214990941,Low
53.2785,128.16811,2026-05-19,512,n,118.48,2026,5,19,851,Yichun,China,878881.0,975836.6724690876,975.8366724690876,Low
53.28424,128.17398,2026-05-19,512,n,118.48,2026,5,19,851,Yichun,China,878881.0,976852.3581068248,976.8523581068248,Low
60.42942,96.51521,2026-05-19,514,n,57.48,2026,5,19,686,Krasnoyarsk,Russia,1092851.0,1019890.9860976073,1019.8909860976073,Low
61.34575,112.81057,2026-05-19,514,n,111.62,2026,5,19,1165,Irkutsk,Russia,623736.0,2082213.7765403553,2082.2137765403554,Low
-33.5733,116.03463,2026-05-19,627,n,65.7,2026,5,19,388,Perth,Australia,2141834.0,215023.03950908818,215.0230395090882,Low
-33.5733,116.04295,2026-05-19,627,n,199.17,2026,5,19,388,Perth,Australia,2141834.0,215108.89446979773,215.10889446979772,Low
-33.57209,116.04064,2026-05-19,627,n,65.7,2026,5,19,388,Perth,Australia,2141834.0,214923.70711814624,214.92370711814624,Low
-33.57203,116.04911,2026-05-19,627,n,199.17,2026,5,19,388,Perth,Australia,2141834.0,215006.14272688644,215.00614272688642,Low
-33.57108,116.04572,2026-05-19,627,n,102.69,2026,5,19,388,Perth,Australia,2141834.0,214843.12834318142,214.84312834318143,Low
-33.56934,116.0336,2026-05-19,627,n,65.7,2026,5,19,388,Perth,Australia,2141834.0,214485.76394711164,214.48576394711165,Low
-33.56813,116.03963,2026-05-19,627,n,65.7,2026,5,19,388,Perth,Australia,2141834.0,214386.4391495952,214.3864391495952,Low
-33.56712,116.04465,2026-05-19,627,n,102.69,2026,5,19,388,Perth,Australia,2141834.0,214305.0591981698,214.3050591981698,Low
-33.2692,117.76105,2026-05-19,627,h,83.33,2026,5,19,388,Perth,Australia,2141834.0,273731.5906288044,273.7315906288044,Low
-33.26809,117.76614,2026-05-19,627,n,59.21,2026,5,19,388,Perth,Australia,2141834.0,274076.4093705994,274.0764093705994,Low
-33.26487,117.75969,2026-05-19,627,n,83.33,2026,5,19,388,Perth,Australia,2141834.0,273249.18668881734,273.24918668881736,Low
-33.04117,117.47603,2026-05-19,627,n,188.39,2026,5,19,388,Perth,Australia,2141834.0,229995.263995839,229.995263995839,Low
-31.83984,116.27117,2026-05-19,627,n,52.24,2026,5,19,388,Perth,Australia,2141834.0,48262.25437330895,48.26225437330895,High
-31.83571,116.27001,2026-05-19,627,h,52.24,2026,5,19,388,Perth,Australia,2141834.0,48313.3709004367,48.313370900436695,High
-31.83481,116.27435,2026-05-19,627,n,52.24,2026,5,19,388,Perth,Australia,2141834.0,48808.57459594278,48.80857459594278,High
-30.14956,115.11933,2026-05-19,629,n,58.67,2026,5,19,388,Perth,Australia,2141834.0,248770.36404741346,248.77036404741347,Low
-30.14474,115.12229,2026-05-19,629,n,63.47,2026,5,19,388,Perth,Australia,2141834.0,249247.18029151697,249.24718029151697,Low
-30.14075,115.12115,2026-05-19,629,n,63.47,2026,5,19,388,Perth,Australia,2141834.0,249773.94324385552,249.7739432438555,Low
-20.70156,120.12157,2026-05-19,631,n,53.5,2026,5,19,388,Perth,Australia,2141834.0,1479322.0801220147,1479.3220801220148,Low
-20.70084,120.1212,2026-05-19,631,n,66.11,2026,5,19,388,Perth,Australia,2141834.0,1479390.0283523116,1479.3900283523117,Low
20.46484,100.54879,2026-05-19,644,n,168.52,2026,5,19,1138,Jinghong,China,642737.0,186484.46520652337,186.48446520652337,Low
20.46697,100.54961,2026-05-19,644,n,104.78,2026,5,19,1138,Jinghong,China,642737.0,186220.65609506643,186.22065609506643,Low
20.51884,102.70475,2026-05-19,644,n,119.35,2026,5,19,1138,Jinghong,China,642737.0,277106.5775372306,277.10657753723063,Low
20.69908,101.21764,2026-05-19,644,n,65.34,2026,5,19,1138,Jinghong,China,642737.0,163424.76966485614,163.42476966485614,Low
21.00722,100.77627,2026-05-19,644,n,61.95,2026,5,19,1138,Jinghong,China,642737.0,119888.5212436814,119.88852124368141,Low
21.01758,100.71442,2026-05-19,644,n,94.75,2026,5,19,1138,Jinghong,China,642737.0,118986.53069429574,118.98653069429574,Low
21.25908,100.44903,2026-05-19,644,n,63.01,2026,5,19,1138,Jinghong,China,642737.0,97805.4240933009,97.8054240933009,Moderate
21.26207,100.44382,2026-05-19,644,n,113.25,2026,5,19,1138,Jinghong,China,642737.0,97709.49970730297,97.70949970730297,Moderate
22.62266,101.40175,2026-05-19,644,n,57.62,2026,5,19,1138,Jinghong,China,642737.0,99924.32780432032,99.92432780432031,Moderate
22.62473,101.40314,2026-05-19,644,n,57.54,2026,5,19,1138,Jinghong,China,642737.0,100213.0714418397,100.2130714418397,Low
22.69631,99.44724,2026-05-19,644,n,52.95,2026,5,19,368,Lincang,China,2257991.0,160698.86968541553,160.69886968541553,Low
22.69926,99.44261,2026-05-19,644,n,52.95,2026,5,19,368,Lincang,China,2257991.0,160610.34551696666,160.61034551696665,Low
22.9456,99.26618,2026-05-19,644,n,195.67,2026,5,19,368,Lincang,China,2257991.0,146112.75123982504,146.11275123982503,Low
27.5457,97.80448,2026-05-19,646,n,122.64,2026,5,19,596,Dayan,China,1253878.0,283067.1653801891,283.06716538018907,Low
53.93738,78.26421,2026-05-19,654,n,59.51,2026,5,19,475,Novosibirsk,Russia,1633851.0,563534.7760001465,563.5347760001465,Low
60.42877,96.51582,2026-05-19,657,n,111.65,2026,5,19,686,Krasnoyarsk,Russia,1092851.0,1019783.4665980096,1019.7834665980096,Low
60.4335,96.25521,2026-05-19,657,n,63.2,2026,5,19,686,Krasnoyarsk,Russia,1092851.0,1009584.9617462654,1009.5849617462654,Low
60.43931,96.25092,2026-05-19,657,n,50.04,2026,5,19,686,Krasnoyarsk,Russia,1092851.0,1010623.4692393023,1010.6234692393024,Low
60.44454,97.55587,2026-05-19,657,n,50.08,2026,5,19,686,Krasnoyarsk,Russia,1092851.0,1074226.103220561,1074.226103220561,Low
60.78026,97.07475,2026-05-19,657,n,55.97,2026,5,19,686,Krasnoyarsk,Russia,1092851.0,1117960.2888963358,1117.9602888963357,Low
17.89172,-93.18522,2026-05-19,724,n,75.56,2026,5,19,1259,Tuxtla,Mexico,578830.0,133028.91857479126,133.02891857479125,Low
22.979,79.9707,2026-05-19,826,n,61.23,2026,5,19,591,Jabalpur,India,1267564.0,23089.878931592706,23.089878931592708,Very High
36.00459,63.52395,2026-05-19,830,n,67.25,2026,5,19,1304,Herāt,Afghanistan,556205.0,269998.0244611291,269.9980244611291,Low
36.00914,63.52815,2026-05-19,830,h,67.25,2026,5,19,1304,Herāt,Afghanistan,556205.0,270777.7821291553,270.7777821291553,Low
36.01047,63.53019,2026-05-19,830,h,92.01,2026,5,19,1304,Herāt,Afghanistan,556205.0,271054.99223140534,271.0549922314053,Low
36.01724,63.61193,2026-05-19,830,n,76.06,2026,5,19,1304,Herāt,Afghanistan,556205.0,276887.03978012764,276.8870397801276,Low
52.48724,69.01917,2026-05-19,835,n,54.5,2026,5,19,693,Astana,Kazakhstan,1078362.0,360279.49243906117,360.2794924390612,Low
61.00022,60.17787,2026-05-19,837,n,57.67,2026,5,19,726,Perm,Russia,1026908.0,786412.4016799,786.4124016799,Low
23.53014,53.29243,2026-05-19,1009,n,99.41,2026,5,19,517,Abu Dhabi,United Arab Emirates,1483000.0,165304.10924113978,165.30410924113977,Low
35.68518,43.8758,2026-05-19,1013,h,102.97,2026,5,19,757,Kirkuk,Iraq,975000.0,65569.1656584201,65.5691656584201,Moderate
52.50648,52.48853,2026-05-19,1015,n,59.73,2026,5,19,651,Samara,Russia,1156659.0,291173.89484859665,291.17389484859666,Low
52.50669,52.50132,2026-05-19,1015,n,88.69,2026,5,19,651,Samara,Russia,1156659.0,292435.646597724,292.435646597724,Low
52.50679,52.5077,2026-05-19,1015,h,88.69,2026,5,19,651,Samara,Russia,1156659.0,293065.98024346575,293.06598024346573,Low
-30.12961,30.10824,2026-05-19,1134,n,55.1,2026,5,19,890,Pietermaritzburg,South Africa,839327.0,72617.30673159481,72.61730673159481,Moderate
-30.05706,29.94565,2026-05-19,1134,n,73.12,2026,5,19,890,Pietermaritzburg,South Africa,839327.0,74613.10673927148,74.61310673927147,Moderate
-30.05648,29.95009,2026-05-19,1134,h,73.12,2026,5,19,890,Pietermaritzburg,South Africa,839327.0,74234.59355514204,74.23459355514204,Moderate
-30.05295,29.94946,2026-05-19,1134,n,73.12,2026,5,19,890,Pietermaritzburg,South Africa,839327.0,73935.81816376174,73.93581816376174,Moderate
-29.23417,30.44183,2026-05-19,1134,n,102.94,2026,5,19,890,Pietermaritzburg,South Africa,839327.0,49322.46449299536,49.32246449299536,High
-20.415,44.74674,2026-05-19,1136,h,64.41,2026,5,19,586,Antananarivo,Madagascar,1275207.0,356797.99366672424,356.79799366672427,Low
-10.18004,27.24922,2026-05-19,1140,n,52.73,2026,5,19,443,Lubumbashi,Congo (Kinshasa),1786397.0,170264.92814647086,170.26492814647085,Low
-9.35518,23.3283,2026-05-19,1140,n,61.42,2026,5,19,271,Mbuji-Mayi,Congo (Kinshasa),2892000.0,361406.82641758816,361.40682641758815,Low
-8.8562,24.91695,2026-05-19,1140,n,143.66,2026,5,19,1271,Kabinda,Congo (Kinshasa),572000.0,309963.22681391845,309.9632268139184,Low
-7.25791,22.79811,2026-05-19,1140,n,78.84,2026,5,19,271,Mbuji-Mayi,Congo (Kinshasa),2892000.0,152937.38636968602,152.937386369686,Low
-7.11864,25.56903,2026-05-19,1140,n,73.44,2026,5,19,1271,Kabinda,Congo (Kinshasa),572000.0,164233.152942925,164.233152942925,Low
-7.05013,26.0314,2026-05-19,1140,n,56.97,2026,5,19,1271,Kabinda,Congo (Kinshasa),572000.0,201140.48943319058,201.1404894331906,Low
-6.94471,22.74613,2026-05-19,1140,n,88.96,2026,5,19,419,Kananga,Congo (Kinshasa),1971704.0,121946.16468683808,121.94616468683807,Low
-6.91901,24.61041,2026-05-19,1140,n,180.6,2026,5,19,1271,Kabinda,Congo (Kinshasa),572000.0,89589.48812095197,89.58948812095197,Moderate
-6.23651,27.97084,2026-05-19,1140,n,56.57,2026,5,19,1009,Uvira,Congo (Kinshasa),726000.0,343020.3893510487,343.02038935104866,Low
-5.43537,27.73987,2026-05-19,1142,n,51.35,2026,5,19,1009,Uvira,Congo (Kinshasa),726000.0,276206.22997050366,276.20622997050367,Low
-4.70257,25.91984,2026-05-19,1142,n,59.23,2026,5,19,1271,Kabinda,Congo (Kinshasa),572000.0,226203.86575986198,226.20386575986197,Low
-4.68678,25.95684,2026-05-19,1142,n,68.15,2026,5,19,1271,Kabinda,Congo (Kinshasa),572000.0,230372.81040823372,230.37281040823373,Low
-4.08311,24.93304,2026-05-19,1142,n,55.25,2026,5,19,1271,Kabinda,Congo (Kinshasa),572000.0,234271.82488859992,234.27182488859992,Low
10.69544,-14.03578,2026-05-19,1327,h,53.05,2026,5,19,469,Conakry,Guinea,1667864.0,138886.12397310225,138.88612397310226,Low
10.81533,-13.84422,2026-05-19,1327,h,53.2,2026,5,19,469,Conakry,Guinea,1667864.0,148447.74806620294,148.44774806620293,Low
11.12919,-14.95877,2026-05-19,1327,h,99.15,2026,5,19,469,Conakry,Guinea,1667864.0,229909.11247976718,229.90911247976717,Low
11.12968,-14.96709,2026-05-19,1327,n,98.12,2026,5,19,469,Conakry,Guinea,1667864.0,230513.53265610605,230.51353265610604,Low
11.13086,-14.96117,2026-05-19,1327,h,60.64,2026,5,19,469,Conakry,Guinea,1667864.0,230221.4521948185,230.2214521948185,Low
11.26803,-14.14837,2026-05-19,1327,n,82.22,2026,5,19,469,Conakry,Guinea,1667864.0,204899.4113885187,204.8994113885187,Low
11.38014,-13.94547,2026-05-19,1327,h,84.16,2026,5,19,469,Conakry,Guinea,1667864.0,213377.2457563204,213.3772457563204,Low
11.38532,-13.95178,2026-05-19,1327,h,84.16,2026,5,19,469,Conakry,Guinea,1667864.0,214047.47613841767,214.04747613841766,Low
11.38627,-13.94699,2026-05-19,1327,h,84.16,2026,5,19,469,Conakry,Guinea,1667864.0,214088.76108033585,214.08876108033584,Low
11.47931,-13.92478,2026-05-19,1327,n,129.51,2026,5,19,469,Conakry,Guinea,1667864.0,224305.96212408252,224.30596212408253,Low
11.48136,-13.91446,2026-05-19,1327,n,71.25,2026,5,19,469,Conakry,Guinea,1667864.0,224419.36025345442,224.4193602534544,Low
11.51385,-13.87987,2026-05-19,1327,n,60.42,2026,5,19,469,Conakry,Guinea,1667864.0,227744.01304033256,227.74401304033256,Low
11.51481,-13.87499,2026-05-19,1327,h,60.42,2026,5,19,469,Conakry,Guinea,1667864.0,227808.85094232587,227.80885094232588,Low
11.51952,-13.88049,2026-05-19,1327,n,55.81,2026,5,19,469,Conakry,Guinea,1667864.0,228391.65353595695,228.39165353595695,Low
11.52007,-13.88077,2026-05-19,1327,n,60.42,2026,5,19,469,Conakry,Guinea,1667864.0,228456.48556346222,228.45648556346222,Low
11.52047,-13.87585,2026-05-19,1327,h,55.81,2026,5,19,469,Conakry,Guinea,1667864.0,228457.44960336908,228.45744960336907,Low
11.52098,-13.87612,2026-05-19,1327,h,60.42,2026,5,19,469,Conakry,Guinea,1667864.0,228517.60351254986,228.51760351254987,Low
11.59431,-12.17256,2026-05-19,1327,h,61.15,2026,5,19,469,Conakry,Guinea,1667864.0,291766.6910630401,291.7666910630401,Low
14.15942,-4.66879,2026-05-19,1327,h,87.27,2026,5,19,822,Bobo-Dioulasso,Burkina Faso,903887.0,342313.1023367875,342.3131023367875,Low
14.16282,-4.66936,2026-05-19,1327,h,87.27,2026,5,19,822,Bobo-Dioulasso,Burkina Faso,903887.0,342708.3259887268,342.7083259887268,Low
14.21164,-4.34025,2026-05-19,1327,h,89.35,2026,5,19,822,Bobo-Dioulasso,Burkina Faso,903887.0,345666.7579244169,345.6667579244169,Low
14.88946,-4.65708,2026-05-19,1327,h,126.98,2026,5,19,822,Bobo-Dioulasso,Burkina Faso,903887.0,425602.839212127,425.602839212127,Low
14.89283,-4.65765,2026-05-19,1327,h,126.98,2026,5,19,822,Bobo-Dioulasso,Burkina Faso,903887.0,425995.36728085706,425.99536728085707,Low
10.41643,-14.28218,2026-05-19,1507,h,66.94,2026,5,19,469,Conakry,Guinea,1667864.0,120583.13936113483,120.58313936113483,Low
10.4386,-14.01496,2026-05-19,1507,h,52.71,2026,5,19,469,Conakry,Guinea,1667864.0,110323.28414765507,110.32328414765507,Low
10.82536,-14.20685,2026-05-19,1507,n,53.46,2026,5,19,469,Conakry,Guinea,1667864.0,158713.39910004352,158.71339910004352,Low
10.83108,-14.20507,2026-05-19,1507,n,59.21,2026,5,19,469,Conakry,Guinea,1667864.0,159253.2060379003,159.2532060379003,Low
10.83187,-14.19825,2026-05-19,1507,n,59.21,2026,5,19,469,Conakry,Guinea,1667864.0,159077.44003276536,159.07744003276537,Low
10.83225,-14.20718,2026-05-19,1507,h,53.46,2026,5,19,469,Conakry,Guinea,1667864.0,159458.71237154503,159.45871237154503,Low
10.87477,-13.74817,2026-05-19,1507,h,52.55,2026,5,19,469,Conakry,Guinea,1667864.0,154507.53447533833,154.50753447533833,Low
10.88954,-14.58567,2026-05-19,1507,h,101.92,2026,5,19,469,Conakry,Guinea,1667864.0,183932.19924861903,183.93219924861904,Low
10.95769,-14.01958,2026-05-19,1507,n,70.25,2026,5,19,469,Conakry,Guinea,1667864.0,167390.96654414703,167.39096654414703,Low
10.95843,-14.01462,2026-05-19,1507,n,100.43,2026,5,19,469,Conakry,Guinea,1667864.0,167361.16293604166,167.36116293604167,Low
10.9585,-14.01245,2026-05-19,1507,h,70.25,2026,5,19,469,Conakry,Guinea,1667864.0,167320.51613997467,167.32051613997467,Low
10.95913,-14.0081,2026-05-19,1507,h,100.43,2026,5,19,469,Conakry,Guinea,1667864.0,167294.49332460196,167.29449332460197,Low
10.95922,-14.00619,2026-05-19,1507,n,74.79,2026,5,19,469,Conakry,Guinea,1667864.0,167262.76699315567,167.26276699315568,Low
10.9654,-14.01345,2026-05-19,1507,n,70.25,2026,5,19,469,Conakry,Guinea,1667864.0,168109.37108746127,168.10937108746128,Low
11.04358,-13.8163,2026-05-19,1507,n,71.92,2026,5,19,469,Conakry,Guinea,1667864.0,173982.92407774102,173.98292407774102,Low
11.04432,-13.80963,2026-05-19,1507,n,56.96,2026,5,19,469,Conakry,Guinea,1667864.0,174018.81414275503,174.01881414275502,Low
11.20125,-14.29128,2026-05-19,1507,n,50.93,2026,5,19,469,Conakry,Guinea,1667864.0,202043.8075333536,202.0438075333536,Low
11.2019,-14.28545,2026-05-19,1507,n,50.93,2026,5,19,469,Conakry,Guinea,1667864.0,201907.66150283918,201.90766150283918,Low
11.57241,-16.27147,2026-05-19,1507,h,52.05,2026,5,19,469,Conakry,Guinea,1667864.0,368442.2378882771,368.4422378882771,Low
11.57386,-16.27077,2026-05-19,1507,h,58.77,2026,5,19,469,Conakry,Guinea,1667864.0,368486.5032787702,368.4865032787702,Low
11.6307,-13.95451,2026-05-19,1507,n,56.25,2026,5,19,469,Conakry,Guinea,1667864.0,241764.9138366805,241.7649138366805,Low
11.80957,-13.7978,2026-05-19,1507,n,65.96,2026,5,19,469,Conakry,Guinea,1667864.0,260765.31829792616,260.76531829792617,Low
11.81033,-13.79085,2026-05-19,1507,h,85.06,2026,5,19,469,Conakry,Guinea,1667864.0,260824.57664799207,260.82457664799205,Low
11.87392,-13.70866,2026-05-19,1507,h,56.61,2026,5,19,469,Conakry,Guinea,1667864.0,267910.6207445231,267.9106207445231,Low
13.47276,-16.28664,2026-05-19,1509,n,50.25,2026,5,19,1368,Touba,Senegal,529176.0,166225.26959259194,166.22526959259193,Low
13.47362,-16.28856,2026-05-19,1509,n,57.92,2026,5,19,1368,Touba,Senegal,529176.0,166188.37949586177,166.18837949586177,Low
13.47897,-16.28742,2026-05-19,1509,n,51.2,2026,5,19,1368,Touba,Senegal,529176.0,165564.51107219455,165.56451107219456,Low
13.47951,-16.28238,2026-05-19,1509,h,80.94,2026,5,19,1368,Touba,Senegal,529176.0,165353.40300896723,165.35340300896723,Low
-32.89087,-57.42118,2026-05-19,1637,h,129.3,2026,5,19,19,Buenos Aires,Argentina,16710000.0,253003.12979401887,253.00312979401886,Low
-32.88931,-57.42078,2026-05-19,1637,h,95.54,2026,5,19,19,Buenos Aires,Argentina,16710000.0,253209.38957832297,253.20938957832297,Low
-29.96329,-57.52848,2026-05-19,1639,n,62.37,2026,5,19,584,Rosario,Argentina,1276000.0,522185.45680583984,522.1854568058399,Low
-29.96297,-57.52167,2026-05-19,1639,h,104.29,2026,5,19,584,Rosario,Argentina,1276000.0,522719.2623990581,522.719262399058,Low
-28.30354,-56.60193,2026-05-19,1639,n,71.07,2026,5,19,558,Porto Alegre,Brazil,1332845.0,637347.0834290105,637.3470834290105,Low
-28.30322,-56.59633,2026-05-19,1639,h,71.07,2026,5,19,558,Porto Alegre,Brazil,1332845.0,636776.2251727688,636.7762251727688,Low
-28.30008,-56.60027,2026-05-19,1639,n,71.63,2026,5,19,558,Porto Alegre,Brazil,1332845.0,637325.2018878765,637.3252018878765,Low
-28.29972,-56.59467,2026-05-19,1639,n,71.63,2026,5,19,558,Porto Alegre,Brazil,1332845.0,636756.2870862425,636.7562870862424,Low
-28.29659,-56.59113,2026-05-19,1639,h,90.13,2026,5,19,558,Porto Alegre,Brazil,1332845.0,636524.2177972703,636.5242177972702,Low
-27.36451,-50.6897,2026-05-19,1639,n,72.95,2026,5,19,445,Curitiba,Brazil,1773718.0,287638.3389196183,287.63833891961826,Low
-12.60197,-44.52398,2026-05-19,1643,h,164.29,2026,5,19,342,Salvador,Brazil,2417678.0,672796.0846273822,672.7960846273822,Low
-11.27512,-49.46452,2026-05-19,1643,n,79.44,2026,5,19,685,Goiânia,Brazil,1093007.0,620787.9904736581,620.787990473658,Low
-11.27458,-49.46081,2026-05-19,1643,h,79.44,2026,5,19,685,Goiânia,Brazil,1093007.0,620833.9689791967,620.8339689791967,Low
-10.08953,-46.26577,2026-05-19,1643,h,110.35,2026,5,19,864,Teresina,Brazil,868075.0,680314.6934126735,680.3146934126736,Low
-10.08613,-46.26632,2026-05-19,1643,h,193.53,2026,5,19,864,Teresina,Brazil,868075.0,680031.9448504578,680.0319448504579,Low
-10.08556,-46.26263,2026-05-19,1643,n,59.71,2026,5,19,864,Teresina,Brazil,868075.0,679746.8644678338,679.7468644678338,Low
-10.08216,-46.26318,2026-05-19,1643,h,59.71,2026,5,19,864,Teresina,Brazil,868075.0,679464.1059930796,679.4641059930796,Low
-10.08158,-46.25949,2026-05-19,1643,n,59.71,2026,5,19,864,Teresina,Brazil,868075.0,679178.1084733004,679.1781084733003,Low
-9.97392,-52.41132,2026-05-19,1643,n,66.04,2026,5,19,685,Goiânia,Brazil,1093007.0,844251.3650118507,844.2513650118507,Low
-9.97006,-52.41184,2026-05-19,1643,h,158.57,2026,5,19,685,Goiânia,Brazil,1093007.0,844672.1978092284,844.6721978092285,Low
-9.96687,-52.41722,2026-05-19,1643,n,96.94,2026,5,19,685,Goiânia,Brazil,1093007.0,845249.2429570267,845.2492429570267,Low
-9.9662,-52.41237,2026-05-19,1643,n,158.57,2026,5,19,685,Goiânia,Brazil,1093007.0,845093.5083189565,845.0935083189564,Low
-9.95427,-52.46872,2026-05-19,1643,n,53.68,2026,5,19,685,Goiânia,Brazil,1093007.0,848943.1655312153,848.9431655312153,Low
-9.95229,-52.46724,2026-05-19,1643,n,143.09,2026,5,19,685,Goiânia,Brazil,1093007.0,849076.7624937908,849.0767624937909,Low
-9.95107,-52.47417,2026-05-19,1643,n,53.68,2026,5,19,685,Goiânia,Brazil,1093007.0,849526.8254722316,849.5268254722316,Low
-9.9504,-52.46927,2026-05-19,1643,n,53.68,2026,5,19,685,Goiânia,Brazil,1093007.0,849365.6574873019,849.3656574873019,Low
-8.82415,-47.13587,2026-05-19,1643,n,50.2,2026,5,19,864,Teresina,Brazil,868075.0,637634.5291767943,637.6345291767943,Low
61.34429,112.80096,2026-05-19,1720,h,57.92,2026,5,19,1165,Irkutsk,Russia,623736.0,2081424.416833919,2081.424416833919,Low
61.35073,112.8002,2026-05-19,1720,h,57.92,2026,5,19,1165,Irkutsk,Russia,623736.0,2082716.8270400942,2082.7168270400944,Low
15.31598,-86.2961,2026-05-19,1833,n,204.72,2026,5,19,649,Tegucigalpa,Honduras,1157509.0,172099.1789392573,172.0991789392573,Low
16.03665,-91.86824,2026-05-19,1834,n,57.96,2026,5,19,1259,Tuxtla,Mexico,578830.0,161927.86442564533,161.92786442564534,Low
16.03922,-91.86642,2026-05-19,1834,n,78.91,2026,5,19,1259,Tuxtla,Mexico,578830.0,161949.38321630665,161.94938321630664,Low
16.04058,-91.86034,2026-05-19,1834,h,71.87,2026,5,19,1259,Tuxtla,Mexico,578830.0,162451.2208017674,162.4512208017674,Low
17.03086,-89.94032,2026-05-19,1834,n,52.77,2026,5,19,1021,San Pedro Sula,Honduras,719064.0,276994.60017880425,276.99460017880426,Low
17.03247,-89.93267,2026-05-19,1834,n,94.1,2026,5,19,1021,San Pedro Sula,Honduras,719064.0,276459.5689809927,276.4595689809927,Low
17.81962,-90.63872,2026-05-19,1834,n,57.67,2026,5,19,1259,Tuxtla,Mexico,578830.0,302591.5639524701,302.5915639524701,Low
17.83928,-93.11796,2026-05-19,1834,n,77.84,2026,5,19,1259,Tuxtla,Mexico,578830.0,126676.79152819725,126.67679152819726,Low
17.8415,-93.11712,2026-05-19,1834,h,92.56,2026,5,19,1259,Tuxtla,Mexico,578830.0,126936.33560003093,126.93633560003093,Low
17.8704,-91.94405,2026-05-19,1834,n,91.39,2026,5,19,1259,Tuxtla,Mexico,578830.0,184452.45718998465,184.45245718998464,Low
18.28975,-91.15331,2026-05-19,1834,h,65.1,2026,5,19,1259,Tuxtla,Mexico,578830.0,282776.6330064341,282.77663300643405,Low
18.35935,-91.70078,2026-05-19,1834,n,59.56,2026,5,19,1259,Tuxtla,Mexico,578830.0,245014.08551581358,245.01408551581358,Low
18.3604,-91.69598,2026-05-19,1834,h,59.56,2026,5,19,1259,Tuxtla,Mexico,578830.0,245452.33611170598,245.452336111706,Low
18.36106,-91.70094,2026-05-19,1834,n,59.32,2026,5,19,1259,Tuxtla,Mexico,578830.0,245156.22395276232,245.1562239527623,Low
18.36213,-91.69616,2026-05-19,1834,h,59.32,2026,5,19,1259,Tuxtla,Mexico,578830.0,245594.64496848898,245.59464496848898,Low
19.82888,-88.94148,2026-05-19,1835,n,50.31,2026,5,19,835,Mérida,Mexico,892363.0,154635.27913780074,154.63527913780075,Low
20.31329,-89.24047,2026-05-19,1835,h,55.61,2026,5,19,835,Mérida,Mexico,892363.0,88292.29796071211,88.2922979607121,Moderate
20.84733,-89.89234,2026-05-19,1835,h,95.41,2026,5,19,835,Mérida,Mexico,892363.0,33820.969705255106,33.8209697052551,High
31.46953,-88.93983,2026-05-19,1838,n,62.56,2026,5,19,808,New Orleans,United States,918752.0,212274.15483391038,212.2741548339104,Low
31.47072,-88.93393,2026-05-19,1838,n,62.56,2026,5,19,808,New Orleans,United States,918752.0,212748.1209209182,212.7481209209182,Low
31.47191,-88.92804,2026-05-19,1838,n,54.72,2026,5,19,808,New Orleans,United States,918752.0,213222.5897195603,213.2225897195603,Low
31.47344,-88.94086,2026-05-19,1838,n,62.56,2026,5,19,808,New Orleans,United States,918752.0,212651.3289642787,212.65132896427872,Low
31.47463,-88.93496,2026-05-19,1838,n,62.56,2026,5,19,808,New Orleans,United States,918752.0,213124.4803622754,213.12448036227542,Low
31.47556,-88.95071,2026-05-19,1838,n,58.19,2026,5,19,808,New Orleans,United States,918752.0,212323.83811740464,212.32383811740465,Low
31.47582,-88.92908,2026-05-19,1838,n,54.72,2026,5,19,808,New Orleans,United States,918752.0,213597.55781503557,213.59755781503557,Low
31.47636,-88.94678,2026-05-19,1838,n,58.19,2026,5,19,808,New Orleans,United States,918752.0,212638.07147388253,212.63807147388255,Low
31.48027,-88.9478,2026-05-19,1838,n,58.19,2026,5,19,808,New Orleans,United States,918752.0,213017.7560265938,213.0177560265938,Low
32.04096,-92.8391,2026-05-19,1838,n,56.63,2026,5,19,1155,Baton Rouge,United States,630063.0,281951.17978121416,281.95117978121414,Low
32.04191,-92.84347,2026-05-19,1838,h,58.83,2026,5,19,1155,Baton Rouge,United States,630063.0,282371.485403663,282.37148540366303,Low
32.04334,-92.83726,2026-05-19,1838,n,58.83,2026,5,19,1155,Baton Rouge,United States,630063.0,282044.0814713934,282.0440814713934,Low
32.04573,-92.84061,2026-05-19,1838,n,56.63,2026,5,19,1155,Baton Rouge,United States,630063.0,282527.25603558944,282.52725603558946,Low
32.04668,-92.84497,2026-05-19,1838,n,58.83,2026,5,19,1155,Baton Rouge,United States,630063.0,282946.5253181535,282.9465253181535,Low
32.0472,-92.83438,2026-05-19,1838,n,56.63,2026,5,19,1155,Baton Rouge,United States,630063.0,282203.54736886156,282.20354736886156,Low
32.04811,-92.83877,2026-05-19,1838,n,58.83,2026,5,19,1155,Baton Rouge,United States,630063.0,282620.55137465807,282.6205513746581,Low
33.59325,-79.12198,2026-05-19,1838,n,60.38,2026,5,19,1008,Charleston,United States,726389.0,139841.95484108303,139.84195484108304,Low
33.59387,-79.11649,2026-05-19,1838,h,60.38,2026,5,19,1008,Charleston,United States,726389.0,140315.64363407658,140.3156436340766,Low
33.5945,-79.111,2026-05-19,1838,h,122.06,2026,5,19,1008,Charleston,United States,726389.0,140791.42291167143,140.79142291167142,Low
33.59512,-79.1055,2026-05-19,1838,n,122.06,2026,5,19,1008,Charleston,United States,726389.0,141268.0718843501,141.2680718843501,Low
33.59702,-79.12259,2026-05-19,1838,h,60.38,2026,5,19,1008,Charleston,United States,726389.0,140168.91275039283,140.16891275039282,Low
33.59764,-79.11711,2026-05-19,1838,n,60.38,2026,5,19,1008,Charleston,United States,726389.0,140640.75440946716,140.64075440946715,Low
33.59889,-79.10612,2026-05-19,1838,n,122.06,2026,5,19,1008,Charleston,United States,726389.0,141590.99923524758,141.59099923524758,Low
